ticket_id,created_at,agent_id,priority,resolution_hours,channel
1,2024-03-01 00:00:00,256.0,High,4.2,Email
2,2024-03-01 00:30:00,237.0,Low,13.49,Chat
3,2024-03-01 01:00:00,241.0,High,6.97,Email
4,2024-03-01 01:30:00,253.0,Medium,4.9,Chat
5,2024-03-01 02:00:00,234.0,Medium,5.6,Email
6,2024-03-01 02:30:00,246.0,High,24.18,Phone
7,2024-03-01 03:00:00,250.0,Medium,8.44,Phone
8,2024-03-01 03:30:00,213.0,High,11.63,Email
9,2024-03-01 04:00:00,203.0,Medium,2.46,Chat
10,2024-03-01 04:30:00,218.0,High,2.85,Email
11,2024-03-01 05:00:00,217.0,Medium,1.56,Email
12,2024-03-01 05:30:00,252.0,High,10.46,Email
13,2024-03-01 06:00:00,254.0,Medium,5.62,Chat
14,2024-03-01 06:30:00,200.0,High,0.95,Phone
15,2024-03-01 07:00:00,229.0,Medium,38.68,Email
16,2024-03-01 07:30:00,249.0,High,10.13,Phone
17,2024-03-01 08:00:00,207.0,High,4.94,Phone
18,2024-03-01 08:30:00,247.0,Medium,19.44,Chat
19,2024-03-01 09:00:00,207.0,Low,13.16,Phone
20,2024-03-01 09:30:00,228.0,Low,12.65,Chat
21,2024-03-01 10:00:00,248.0,High,26.04,Phone
22,2024-03-01 10:30:00,218.0,Low,8.23,Unknown
23,2024-03-01 11:00:00,220.0,Medium,16.63,Phone
24,2024-03-01 11:30:00,216.0,High,4.45,Chat
25,2024-03-01 12:00:00,243.0,Medium,3.51,Email
26,2024-03-01 12:30:00,215.0,High,3.81,Chat
27,2024-03-01 13:00:00,259.0,Low,11.81,Phone
28,2024-03-01 13:30:00,226.0,High,9.86,Phone
29,2024-03-01 14:00:00,228.0,High,6.32,Chat
30,2024-03-01 14:30:00,230.0,Low,13.09,Phone
31,2024-03-01 15:00:00,234.0,Medium,20.74,Email
32,2024-03-01 15:30:00,233.0,High,2.61,Email
33,2024-03-01 16:00:00,230.0,Medium,15.19,Unknown
34,2024-03-01 16:30:00,259.0,Medium,18.63,Phone
35,2024-03-01 17:00:00,248.0,Low,12.44,Chat
36,2024-03-01 17:30:00,247.0,High,14.38,Chat
37,2024-03-01 18:00:00,242.0,Low,7.68,Email
38,2024-03-01 18:30:00,237.0,High,3.26,Unknown
39,2024-03-01 19:00:00,220.0,Medium,20.73,Chat
40,2024-03-01 19:30:00,259.0,High,4.94,Chat
41,2024-03-01 20:00:00,227.0,Low,14.75,Email
42,2024-03-01 20:30:00,212.0,High,25.24,Email
43,2024-03-01 21:00:00,250.0,Low,20.47,Chat
44,2024-03-01 21:30:00,209.0,High,11.36,Chat
45,2024-03-01 22:00:00,251.0,Medium,11.41,Unknown
46,2024-03-01 22:30:00,236.0,High,20.79,Chat
47,2024-03-01 23:00:00,206.0,Low,23.38,Chat
48,2024-03-01 23:30:00,202.0,Low,3.97,Chat
49,2024-03-02 00:00:00,226.0,High,2.41,Email
50,2024-03-02 00:30:00,202.0,High,12.42,Chat
51,2024-03-02 01:00:00,208.0,High,14.75,Chat
52,2024-03-02 01:30:00,230.0,Medium,10.03,Email
53,2024-03-02 02:00:00,258.0,High,10.33,Email
54,2024-03-02 02:30:00,227.0,Low,6.9,Email
55,2024-03-02 03:00:00,248.0,High,11.55,Email
56,2024-03-02 03:30:00,,Low,2.12,Chat
57,2024-03-02 04:00:00,249.0,High,14.14,Chat
58,2024-03-02 04:30:00,237.0,Medium,18.63,Chat
59,2024-03-02 05:00:00,226.0,High,14.36,Chat
60,2024-03-02 05:30:00,230.0,Medium,3.95,Email
61,2024-03-02 06:00:00,215.0,Low,6.8,Phone
62,2024-03-02 06:30:00,229.0,High,11.81,Email
63,2024-03-02 07:00:00,222.0,Medium,8.86,Email
64,2024-03-02 07:30:00,214.0,Low,11.7,Email
65,2024-03-02 08:00:00,259.0,Medium,12.58,Phone
66,2024-03-02 08:30:00,200.0,Low,3.95,Chat
67,2024-03-02 09:00:00,205.0,High,13.59,Phone
68,2024-03-02 09:30:00,211.0,High,40.44,Email
69,2024-03-02 10:00:00,258.0,Medium,7.11,Chat
70,2024-03-02 10:30:00,241.0,Medium,5.2,Chat
71,2024-03-02 11:00:00,252.0,High,12.2,Phone
72,2024-03-02 11:30:00,212.0,High,10.94,Phone
73,2024-03-02 12:00:00,243.0,High,19.12,Chat
74,2024-03-02 12:30:00,222.0,Low,15.33,Chat
75,2024-03-02 13:00:00,229.0,Medium,19.41,Email
76,2024-03-02 13:30:00,200.0,Low,7.07,Chat
77,2024-03-02 14:00:00,237.0,High,18.78,Chat
78,2024-03-02 14:30:00,249.0,Medium,16.19,Email
79,2024-03-02 15:00:00,239.0,High,22.38,Chat
80,2024-03-02 15:30:00,209.0,High,24.31,Email
81,2024-03-02 16:00:00,232.0,High,4.76,Phone
82,2024-03-02 16:30:00,216.0,Low,4.14,Email
83,2024-03-02 17:00:00,257.0,High,6.46,Chat
84,2024-03-02 17:30:00,252.0,High,24.7,Unknown
85,2024-03-02 18:00:00,211.0,Medium,12.44,Chat
86,2024-03-02 18:30:00,230.0,High,2.57,Phone
87,2024-03-02 19:00:00,256.0,High,8.4,Phone
88,2024-03-02 19:30:00,250.0,High,2.24,Phone
89,2024-03-02 20:00:00,242.0,Medium,35.19,Phone
90,2024-03-02 20:30:00,238.0,Medium,14.85,Phone
91,2024-03-02 21:00:00,202.0,Medium,3.38,Chat
92,2024-03-02 21:30:00,244.0,Low,13.28,Phone
93,2024-03-02 22:00:00,,Low,46.01,Phone
94,2024-03-02 22:30:00,205.0,Low,13.67,Phone
95,2024-03-02 23:00:00,214.0,High,2.78,Email
96,2024-03-02 23:30:00,232.0,Medium,7.37,Email
97,2024-03-03 00:00:00,243.0,Low,16.4,Chat
98,2024-03-03 00:30:00,230.0,High,30.44,Phone
99,2024-03-03 01:00:00,236.0,High,17.23,Chat
100,2024-03-03 01:30:00,252.0,Low,15.58,Chat
101,2024-03-03 02:00:00,241.0,Medium,3.8,Email
102,2024-03-03 02:30:00,221.0,High,16.53,Chat
103,2024-03-03 03:00:00,,Medium,27.77,Unknown
104,2024-03-03 03:30:00,235.0,High,4.87,Chat
105,2024-03-03 04:00:00,206.0,High,4.82,Email
106,2024-03-03 04:30:00,203.0,Low,4.67,Chat
107,2024-03-03 05:00:00,239.0,Low,13.32,Chat
108,2024-03-03 05:30:00,223.0,Low,8.92,Chat
109,2024-03-03 06:00:00,235.0,High,30.86,Email
110,2024-03-03 06:30:00,219.0,High,24.9,Phone
111,2024-03-03 07:00:00,213.0,Low,16.18,Email
112,2024-03-03 07:30:00,209.0,High,12.87,Phone
113,2024-03-03 08:00:00,222.0,Low,2.35,Email
114,2024-03-03 08:30:00,248.0,Medium,8.24,Phone
115,2024-03-03 09:00:00,224.0,High,10.07,Email
116,2024-03-03 09:30:00,222.0,High,29.11,Email
117,2024-03-03 10:00:00,234.0,Medium,10.35,Chat
118,2024-03-03 10:30:00,258.0,Low,22.02,Email
119,2024-03-03 11:00:00,223.0,Low,13.97,Email
120,2024-03-03 11:30:00,235.0,Medium,16.12,Phone
121,2024-03-03 12:00:00,226.0,High,7.23,Phone
122,2024-03-03 12:30:00,236.0,Low,2.54,Email
123,2024-03-03 13:00:00,226.0,High,18.21,Email
124,2024-03-03 13:30:00,238.0,High,21.43,Unknown
125,2024-03-03 14:00:00,232.0,Low,1.42,Chat
126,2024-03-03 14:30:00,240.0,Low,6.7,Phone
127,2024-03-03 15:00:00,257.0,Low,9.4,Chat
128,2024-03-03 15:30:00,209.0,Low,16.72,Phone
129,2024-03-03 16:00:00,233.0,Low,3.06,Phone
130,2024-03-03 16:30:00,226.0,High,36.91,Phone
131,2024-03-03 17:00:00,221.0,Low,8.7,Chat
132,2024-03-03 17:30:00,214.0,High,14.23,Email
133,2024-03-03 18:00:00,203.0,High,10.02,Chat
134,2024-03-03 18:30:00,224.0,High,22.58,Email
135,2024-03-03 19:00:00,249.0,Medium,17.12,Email
136,2024-03-03 19:30:00,205.0,High,21.23,Chat
137,2024-03-03 20:00:00,224.0,Low,7.57,Phone
138,2024-03-03 20:30:00,258.0,High,13.39,Email
139,2024-03-03 21:00:00,257.0,Medium,16.31,Chat
140,2024-03-03 21:30:00,212.0,Low,42.51,Phone
141,2024-03-03 22:00:00,200.0,Low,18.75,Email
142,2024-03-03 22:30:00,240.0,High,10.39,Chat
143,2024-03-03 23:00:00,200.0,High,26.92,Chat
144,2024-03-03 23:30:00,218.0,Low,6.4,Phone
145,2024-03-04 00:00:00,229.0,Medium,14.27,Phone
146,2024-03-04 00:30:00,252.0,Medium,13.64,Email
147,2024-03-04 01:00:00,205.0,Medium,7.47,Chat
148,2024-03-04 01:30:00,,Medium,8.71,Email
149,2024-03-04 02:00:00,231.0,High,14.68,Email
150,2024-03-04 02:30:00,207.0,Low,2.13,Chat
151,2024-03-04 03:00:00,250.0,High,11.38,Email
152,2024-03-04 03:30:00,250.0,Low,1.11,Chat
153,2024-03-04 04:00:00,228.0,High,0.89,Chat
154,2024-03-04 04:30:00,256.0,High,20.44,Chat
155,2024-03-04 05:00:00,236.0,High,9.74,Email
156,2024-03-04 05:30:00,254.0,High,17.13,Chat
157,2024-03-04 06:00:00,257.0,High,13.39,Email
158,2024-03-04 06:30:00,234.0,Medium,24.65,Chat
159,2024-03-04 07:00:00,,High,8.93,Phone
160,2024-03-04 07:30:00,208.0,Medium,6.7,Email
161,2024-03-04 08:00:00,233.0,Low,8.06,Unknown
162,2024-03-04 08:30:00,211.0,Low,1.19,Email
163,2024-03-04 09:00:00,245.0,High,17.51,Phone
164,2024-03-04 09:30:00,255.0,High,1.29,Email
165,2024-03-04 10:00:00,214.0,Medium,14.0,Email
166,2024-03-04 10:30:00,233.0,High,16.84,Phone
167,2024-03-04 11:00:00,202.0,Low,3.27,Chat
168,2024-03-04 11:30:00,210.0,High,3.62,Email
169,2024-03-04 12:00:00,222.0,Low,2.82,Chat
170,2024-03-04 12:30:00,253.0,Low,4.29,Phone
171,2024-03-04 13:00:00,258.0,Medium,7.59,Phone
172,2024-03-04 13:30:00,238.0,High,5.44,Email
173,2024-03-04 14:00:00,235.0,Low,6.58,Email
174,2024-03-04 14:30:00,234.0,High,4.37,Chat
175,2024-03-04 15:00:00,203.0,Medium,31.62,Email
176,2024-03-04 15:30:00,222.0,Medium,10.28,Email
177,2024-03-04 16:00:00,258.0,Low,5.72,Phone
178,2024-03-04 16:30:00,224.0,High,3.65,Phone
179,2024-03-04 17:00:00,212.0,High,14.4,Email
180,2024-03-04 17:30:00,214.0,High,10.21,Chat
181,2024-03-04 18:00:00,242.0,Low,18.13,Chat
182,2024-03-04 18:30:00,202.0,High,9.77,Phone
183,2024-03-04 19:00:00,258.0,Medium,16.44,Chat
184,2024-03-04 19:30:00,252.0,Medium,5.66,Email
185,2024-03-04 20:00:00,234.0,High,1.52,Phone
186,2024-03-04 20:30:00,228.0,High,5.9,Email
187,2024-03-04 21:00:00,245.0,High,3.85,Chat
188,2024-03-04 21:30:00,232.0,High,4.04,Email
189,2024-03-04 22:00:00,228.0,High,16.11,Chat
190,2024-03-04 22:30:00,219.0,Low,13.53,Email
191,2024-03-04 23:00:00,226.0,High,10.48,Phone
192,2024-03-04 23:30:00,245.0,Medium,6.52,Chat
193,2024-03-05 00:00:00,203.0,Low,14.83,Chat
194,2024-03-05 00:30:00,201.0,Low,8.43,Phone
195,2024-03-05 01:00:00,243.0,Low,11.21,Chat
196,2024-03-05 01:30:00,222.0,High,16.72,Chat
197,2024-03-05 02:00:00,248.0,High,7.61,Email
198,2024-03-05 02:30:00,201.0,High,6.84,Chat
199,2024-03-05 03:00:00,254.0,High,20.7,Chat
200,2024-03-05 03:30:00,207.0,Low,7.05,Phone
201,2024-03-05 04:00:00,224.0,Medium,9.24,Chat
202,2024-03-05 04:30:00,258.0,High,20.65,Email
203,2024-03-05 05:00:00,206.0,High,8.15,Chat
204,2024-03-05 05:30:00,239.0,High,6.47,Phone
205,2024-03-05 06:00:00,243.0,Low,29.23,Email
206,2024-03-05 06:30:00,225.0,Low,15.22,Email
207,2024-03-05 07:00:00,204.0,Medium,4.02,Unknown
208,2024-03-05 07:30:00,231.0,High,10.08,Chat
209,2024-03-05 08:00:00,226.0,Medium,6.23,Phone
210,2024-03-05 08:30:00,252.0,High,8.31,Chat
211,2024-03-05 09:00:00,240.0,Low,24.92,Email
212,2024-03-05 09:30:00,220.0,Medium,1.76,Chat
213,2024-03-05 10:00:00,203.0,Low,1.95,Email
214,2024-03-05 10:30:00,235.0,High,14.5,Chat
215,2024-03-05 11:00:00,216.0,High,5.79,Email
216,2024-03-05 11:30:00,241.0,High,4.98,Phone
217,2024-03-05 12:00:00,251.0,Low,2.44,Chat
218,2024-03-05 12:30:00,221.0,High,24.8,Chat
219,2024-03-05 13:00:00,254.0,Low,22.37,Email
220,2024-03-05 13:30:00,231.0,High,8.32,Chat
221,2024-03-05 14:00:00,231.0,High,5.7,Email
222,2024-03-05 14:30:00,245.0,Low,15.48,Email
223,2024-03-05 15:00:00,247.0,Medium,19.25,Email
224,2024-03-05 15:30:00,254.0,Low,12.44,Email
225,2024-03-05 16:00:00,259.0,High,9.15,Chat
226,2024-03-05 16:30:00,209.0,High,3.42,Chat
227,2024-03-05 17:00:00,224.0,Medium,11.24,Phone
228,2024-03-05 17:30:00,256.0,High,36.61,Email
229,2024-03-05 18:00:00,218.0,Medium,4.44,Chat
230,2024-03-05 18:30:00,200.0,High,2.09,Unknown
231,2024-03-05 19:00:00,,Low,8.63,Email
232,2024-03-05 19:30:00,245.0,High,20.52,Email
233,2024-03-05 20:00:00,244.0,Medium,21.54,Phone
234,2024-03-05 20:30:00,248.0,High,6.48,Email
235,2024-03-05 21:00:00,238.0,Medium,6.37,Phone
236,2024-03-05 21:30:00,208.0,High,26.29,Chat
237,2024-03-05 22:00:00,250.0,Medium,11.33,Phone
238,2024-03-05 22:30:00,225.0,High,17.82,Chat
239,2024-03-05 23:00:00,250.0,Low,8.89,Chat
240,2024-03-05 23:30:00,248.0,Medium,16.5,Email
241,2024-03-06 00:00:00,258.0,Low,10.53,Unknown
242,2024-03-06 00:30:00,200.0,Medium,10.015,Email
243,2024-03-06 01:00:00,251.0,Low,4.68,Phone
244,2024-03-06 01:30:00,237.0,Medium,3.05,Chat
245,2024-03-06 02:00:00,229.0,High,14.31,Chat
246,2024-03-06 02:30:00,247.0,High,1.16,Chat
247,2024-03-06 03:00:00,,High,13.93,Email
248,2024-03-06 03:30:00,230.0,Low,21.2,Phone
249,2024-03-06 04:00:00,205.0,High,14.07,Email
250,2024-03-06 04:30:00,243.0,Low,11.11,Phone
251,2024-03-06 05:00:00,213.0,Low,15.71,Phone
252,2024-03-06 05:30:00,213.0,Low,11.02,Email
253,2024-03-06 06:00:00,211.0,Medium,2.4,Email
254,2024-03-06 06:30:00,211.0,Low,9.16,Phone
255,2024-03-06 07:00:00,254.0,Low,4.49,Phone
256,2024-03-06 07:30:00,,High,26.65,Email
257,2024-03-06 08:00:00,206.0,High,16.9,Phone
258,2024-03-06 08:30:00,210.0,High,8.85,Phone
259,2024-03-06 09:00:00,223.0,High,12.83,Chat
260,2024-03-06 09:30:00,220.0,High,7.91,Phone
261,2024-03-06 10:00:00,218.0,High,25.49,Unknown
262,2024-03-06 10:30:00,256.0,Medium,4.94,Email
263,2024-03-06 11:00:00,251.0,High,34.77,Phone
264,2024-03-06 11:30:00,234.0,Low,21.66,Phone
265,2024-03-06 12:00:00,259.0,High,4.08,Chat
266,2024-03-06 12:30:00,220.0,Medium,7.17,Email
267,2024-03-06 13:00:00,208.0,Low,12.17,Unknown
268,2024-03-06 13:30:00,216.0,High,14.71,Phone
269,2024-03-06 14:00:00,205.0,High,20.75,Chat
270,2024-03-06 14:30:00,257.0,High,7.06,Email
271,2024-03-06 15:00:00,213.0,Medium,4.62,Unknown
272,2024-03-06 15:30:00,226.0,High,9.89,Email
273,2024-03-06 16:00:00,212.0,High,4.79,Phone
274,2024-03-06 16:30:00,258.0,Medium,7.02,Chat
275,2024-03-06 17:00:00,209.0,Low,3.54,Chat
276,2024-03-06 17:30:00,230.0,Low,41.26,Phone
277,2024-03-06 18:00:00,257.0,High,16.33,Email
278,2024-03-06 18:30:00,231.0,High,9.37,Email
279,2024-03-06 19:00:00,253.0,Medium,16.61,Email
280,2024-03-06 19:30:00,253.0,Medium,9.84,Chat
281,2024-03-06 20:00:00,246.0,Low,5.8,Email
282,2024-03-06 20:30:00,244.0,Medium,14.6,Phone
283,2024-03-06 21:00:00,234.0,High,3.14,Phone
284,2024-03-06 21:30:00,234.0,Medium,5.17,Chat
285,2024-03-06 22:00:00,249.0,High,19.33,Email
286,2024-03-06 22:30:00,225.0,High,11.11,Email
287,2024-03-06 23:00:00,256.0,Low,17.55,Chat
288,2024-03-06 23:30:00,252.0,Medium,12.58,Phone
289,2024-03-07 00:00:00,222.0,Medium,2.96,Phone
290,2024-03-07 00:30:00,224.0,High,6.93,Phone
291,2024-03-07 01:00:00,242.0,High,20.43,Email
292,2024-03-07 01:30:00,255.0,Medium,9.02,Chat
293,2024-03-07 02:00:00,205.0,Low,17.66,Chat
294,2024-03-07 02:30:00,204.0,High,10.34,Chat
295,2024-03-07 03:00:00,214.0,High,3.35,Chat
296,2024-03-07 03:30:00,225.0,Medium,18.72,Email
297,2024-03-07 04:00:00,209.0,High,7.67,Email
298,2024-03-07 04:30:00,231.0,Medium,27.59,Chat
299,2024-03-07 05:00:00,232.0,High,8.76,Email
300,2024-03-07 05:30:00,257.0,High,6.12,Phone
301,2024-03-07 06:00:00,244.0,Medium,7.01,Chat
302,2024-03-07 06:30:00,215.0,High,12.27,Email
303,2024-03-07 07:00:00,247.0,High,1.39,Chat
304,2024-03-07 07:30:00,248.0,High,7.08,Unknown
305,2024-03-07 08:00:00,240.0,Medium,0.72,Chat
306,2024-03-07 08:30:00,240.0,Medium,19.08,Email
307,2024-03-07 09:00:00,218.0,Low,10.28,Phone
308,2024-03-07 09:30:00,243.0,High,18.78,Chat
309,2024-03-07 10:00:00,208.0,High,29.25,Chat
310,2024-03-07 10:30:00,237.0,Medium,5.69,Chat
311,2024-03-07 11:00:00,255.0,High,19.32,Phone
312,2024-03-07 11:30:00,258.0,High,4.64,Chat
313,2024-03-07 12:00:00,217.0,High,1.0,Chat
314,2024-03-07 12:30:00,219.0,High,14.1,Email
315,2024-03-07 13:00:00,237.0,Medium,4.85,Phone
316,2024-03-07 13:30:00,223.0,High,31.68,Phone
317,2024-03-07 14:00:00,243.0,High,16.32,Email
318,2024-03-07 14:30:00,212.0,High,1.1,Email
319,2024-03-07 15:00:00,210.0,High,9.92,Email
320,2024-03-07 15:30:00,203.0,High,5.84,Phone
321,2024-03-07 16:00:00,228.0,Medium,17.1,Chat
322,2024-03-07 16:30:00,212.0,High,8.06,Chat
323,2024-03-07 17:00:00,217.0,High,22.77,Unknown
324,2024-03-07 17:30:00,254.0,Low,15.72,Phone
325,2024-03-07 18:00:00,248.0,Low,39.95,Chat
326,2024-03-07 18:30:00,250.0,High,14.03,Chat
327,2024-03-07 19:00:00,235.0,Medium,5.87,Chat
328,2024-03-07 19:30:00,206.0,High,9.38,Chat
329,2024-03-07 20:00:00,244.0,Low,4.99,Phone
330,2024-03-07 20:30:00,236.0,Low,3.6,Phone
331,2024-03-07 21:00:00,254.0,Low,11.52,Email
332,2024-03-07 21:30:00,228.0,Low,14.59,Phone
333,2024-03-07 22:00:00,210.0,High,7.57,Email
334,2024-03-07 22:30:00,235.0,High,10.24,Email
335,2024-03-07 23:00:00,227.0,Low,4.03,Chat
336,2024-03-07 23:30:00,239.0,High,5.59,Email
337,2024-03-08 00:00:00,222.0,High,6.57,Email
338,2024-03-08 00:30:00,218.0,Low,1.37,Email
339,2024-03-08 01:00:00,207.0,High,5.94,Phone
340,2024-03-08 01:30:00,257.0,High,3.46,Chat
341,2024-03-08 02:00:00,245.0,Medium,6.83,Email
342,2024-03-08 02:30:00,227.0,Medium,0.98,Chat
343,2024-03-08 03:00:00,214.0,High,12.91,Chat
344,2024-03-08 03:30:00,237.0,High,22.3,Phone
345,2024-03-08 04:00:00,224.0,High,8.41,Email
346,2024-03-08 04:30:00,238.0,High,13.22,Email
347,2024-03-08 05:00:00,205.0,Medium,9.96,Phone
348,2024-03-08 05:30:00,211.0,Medium,16.1,Phone
349,2024-03-08 06:00:00,244.0,Low,9.66,Phone
350,2024-03-08 06:30:00,203.0,Medium,2.05,Email
351,2024-03-08 07:00:00,240.0,High,29.24,Email
352,2024-03-08 07:30:00,224.0,Low,1.89,Phone
353,2024-03-08 08:00:00,200.0,Low,14.38,Unknown
354,2024-03-08 08:30:00,245.0,Low,16.77,Email
355,2024-03-08 09:00:00,241.0,Low,2.63,Chat
356,2024-03-08 09:30:00,248.0,High,6.43,Chat
357,2024-03-08 10:00:00,253.0,Medium,7.12,Email
358,2024-03-08 10:30:00,243.0,High,10.1,Email
359,2024-03-08 11:00:00,250.0,High,16.45,Email
360,2024-03-08 11:30:00,206.0,High,2.66,Unknown
361,2024-03-08 12:00:00,255.0,Medium,7.89,Chat
362,2024-03-08 12:30:00,254.0,Medium,17.6,Email
363,2024-03-08 13:00:00,241.0,Low,18.68,Email
364,2024-03-08 13:30:00,248.0,High,19.54,Chat
365,2024-03-08 14:00:00,244.0,High,16.72,Phone
366,2024-03-08 14:30:00,252.0,Medium,7.69,Email
367,2024-03-08 15:00:00,253.0,Low,3.6,Phone
368,2024-03-08 15:30:00,231.0,High,20.4,Email
369,2024-03-08 16:00:00,248.0,High,8.35,Email
370,2024-03-08 16:30:00,254.0,High,16.01,Chat
371,2024-03-08 17:00:00,217.0,Medium,3.82,Email
372,2024-03-08 17:30:00,202.0,Low,1.75,Chat
373,2024-03-08 18:00:00,210.0,High,12.62,Chat
374,2024-03-08 18:30:00,201.0,High,26.67,Email
375,2024-03-08 19:00:00,226.0,Low,5.95,Phone
376,2024-03-08 19:30:00,201.0,High,2.7,Phone
377,2024-03-08 20:00:00,215.0,Low,13.41,Phone
378,2024-03-08 20:30:00,215.0,High,12.57,Chat
379,2024-03-08 21:00:00,242.0,High,5.99,Email
380,2024-03-08 21:30:00,214.0,High,2.23,Chat
381,2024-03-08 22:00:00,256.0,High,25.71,Chat
382,2024-03-08 22:30:00,211.0,High,6.54,Chat
383,2024-03-08 23:00:00,258.0,Low,24.34,Phone
384,2024-03-08 23:30:00,234.0,High,2.16,Email
385,2024-03-09 00:00:00,,High,11.54,Phone
386,2024-03-09 00:30:00,202.0,Medium,4.58,Chat
387,2024-03-09 01:00:00,218.0,Medium,7.54,Email
388,2024-03-09 01:30:00,235.0,High,13.3,Chat
389,2024-03-09 02:00:00,206.0,High,7.32,Unknown
390,2024-03-09 02:30:00,209.0,High,15.78,Phone
391,2024-03-09 03:00:00,206.0,Low,11.4,Email
392,2024-03-09 03:30:00,240.0,Low,4.97,Email
393,2024-03-09 04:00:00,205.0,High,2.68,Chat
394,2024-03-09 04:30:00,201.0,High,3.96,Unknown
395,2024-03-09 05:00:00,227.0,High,17.06,Chat
396,2024-03-09 05:30:00,218.0,Medium,3.4,Chat
397,2024-03-09 06:00:00,234.0,Medium,1.0,Email
398,2024-03-09 06:30:00,256.0,Low,16.31,Email
399,2024-03-09 07:00:00,251.0,High,19.12,Phone
400,2024-03-09 07:30:00,232.0,Low,2.89,Email
401,2024-03-09 08:00:00,238.0,High,14.64,Chat
402,2024-03-09 08:30:00,248.0,High,5.24,Chat
403,2024-03-09 09:00:00,226.0,High,3.24,Chat
404,2024-03-09 09:30:00,239.0,Medium,13.54,Phone
405,2024-03-09 10:00:00,212.0,High,3.55,Chat
406,2024-03-09 10:30:00,236.0,Low,14.45,Email
407,2024-03-09 11:00:00,214.0,Low,8.43,Chat
408,2024-03-09 11:30:00,211.0,Low,2.91,Chat
409,2024-03-09 12:00:00,245.0,Low,18.22,Email
410,2024-03-09 12:30:00,234.0,Medium,4.89,Unknown
411,2024-03-09 13:00:00,222.0,Low,6.99,Chat
412,2024-03-09 13:30:00,202.0,High,14.17,Unknown
413,2024-03-09 14:00:00,214.0,Medium,20.82,Phone
414,2024-03-09 14:30:00,248.0,Low,5.91,Email
415,2024-03-09 15:00:00,228.0,High,9.21,Email
416,2024-03-09 15:30:00,257.0,Medium,3.99,Phone
417,2024-03-09 16:00:00,254.0,High,1.92,Email
418,2024-03-09 16:30:00,251.0,High,12.0,Phone
419,2024-03-09 17:00:00,200.0,High,14.37,Unknown
420,2024-03-09 17:30:00,203.0,Low,22.09,Phone
421,2024-03-09 18:00:00,234.0,Medium,8.04,Chat
422,2024-03-09 18:30:00,220.0,Medium,32.21,Chat
423,2024-03-09 19:00:00,250.0,High,4.21,Phone
424,2024-03-09 19:30:00,219.0,High,5.24,Chat
425,2024-03-09 20:00:00,209.0,Low,11.4,Email
426,2024-03-09 20:30:00,206.0,High,1.38,Phone
427,2024-03-09 21:00:00,218.0,Medium,13.4,Email
428,2024-03-09 21:30:00,237.0,High,8.6,Email
429,2024-03-09 22:00:00,207.0,High,10.08,Chat
430,2024-03-09 22:30:00,247.0,Low,2.12,Phone
431,2024-03-09 23:00:00,218.0,Low,7.13,Phone
432,2024-03-09 23:30:00,218.0,High,13.19,Chat
433,2024-03-10 00:00:00,239.0,Medium,14.69,Phone
434,2024-03-10 00:30:00,251.0,Medium,10.15,Chat
435,2024-03-10 01:00:00,226.0,Medium,15.8,Email
436,2024-03-10 01:30:00,247.0,Low,36.11,Email
437,2024-03-10 02:00:00,218.0,High,8.3,Chat
438,2024-03-10 02:30:00,207.0,Medium,2.96,Email
439,2024-03-10 03:00:00,249.0,Low,36.47,Chat
440,2024-03-10 03:30:00,246.0,High,4.45,Email
441,2024-03-10 04:00:00,245.0,Low,21.86,Chat
442,2024-03-10 04:30:00,252.0,High,12.96,Email
443,2024-03-10 05:00:00,229.0,High,4.51,Email
444,2024-03-10 05:30:00,211.0,Medium,16.49,Chat
445,2024-03-10 06:00:00,235.0,Medium,31.8,Phone
446,2024-03-10 06:30:00,234.0,Low,0.51,Phone
447,2024-03-10 07:00:00,223.0,Medium,12.05,Email
448,2024-03-10 07:30:00,238.0,High,10.3,Chat
449,2024-03-10 08:00:00,215.0,High,26.23,Chat
450,2024-03-10 08:30:00,236.0,High,16.29,Phone
451,2024-03-10 09:00:00,247.0,High,3.19,Email
452,2024-03-10 09:30:00,205.0,High,0.41,Phone
453,2024-03-10 10:00:00,227.0,High,13.49,Email
454,2024-03-10 10:30:00,239.0,Low,16.74,Phone
455,2024-03-10 11:00:00,203.0,High,6.73,Email
456,2024-03-10 11:30:00,237.0,High,8.22,Chat
457,2024-03-10 12:00:00,254.0,Medium,3.64,Chat
458,2024-03-10 12:30:00,249.0,High,15.68,Chat
459,2024-03-10 13:00:00,241.0,High,9.84,Email
460,2024-03-10 13:30:00,248.0,Medium,16.09,Phone
461,2024-03-10 14:00:00,221.0,High,7.45,Unknown
462,2024-03-10 14:30:00,219.0,Medium,4.68,Phone
463,2024-03-10 15:00:00,205.0,High,5.57,Email
464,2024-03-10 15:30:00,243.0,Low,31.19,Email
465,2024-03-10 16:00:00,218.0,Medium,22.26,Phone
466,2024-03-10 16:30:00,252.0,Medium,19.31,Chat
467,2024-03-10 17:00:00,227.0,Low,22.47,Chat
468,2024-03-10 17:30:00,253.0,Low,8.26,Phone
469,2024-03-10 18:00:00,208.0,High,9.52,Phone
470,2024-03-10 18:30:00,209.0,Medium,2.58,Chat
471,2024-03-10 19:00:00,220.0,High,15.66,Email
472,2024-03-10 19:30:00,,High,21.53,Email
473,2024-03-10 20:00:00,229.0,Medium,7.09,Email
474,2024-03-10 20:30:00,239.0,Low,30.54,Email
475,2024-03-10 21:00:00,239.0,High,4.14,Chat
476,2024-03-10 21:30:00,212.0,High,8.76,Phone
477,2024-03-10 22:00:00,209.0,Medium,10.9,Email
478,2024-03-10 22:30:00,233.0,High,20.79,Chat
479,2024-03-10 23:00:00,237.0,Low,22.71,Chat
480,2024-03-10 23:30:00,256.0,Medium,5.02,Phone
481,2024-03-11 00:00:00,,Low,18.43,Unknown
482,2024-03-11 00:30:00,222.0,High,53.96,Chat
483,2024-03-11 01:00:00,209.0,Low,6.11,Chat
484,2024-03-11 01:30:00,215.0,Low,16.98,Phone
485,2024-03-11 02:00:00,252.0,Low,8.32,Chat
486,2024-03-11 02:30:00,227.0,High,17.97,Phone
487,2024-03-11 03:00:00,259.0,Medium,7.84,Phone
488,2024-03-11 03:30:00,239.0,High,18.07,Email
489,2024-03-11 04:00:00,235.0,Low,5.11,Chat
490,2024-03-11 04:30:00,206.0,High,11.45,Email
491,2024-03-11 05:00:00,235.0,High,15.59,Email
492,2024-03-11 05:30:00,222.0,Medium,10.18,Chat
493,2024-03-11 06:00:00,250.0,Medium,5.96,Chat
494,2024-03-11 06:30:00,208.0,High,27.69,Chat
495,2024-03-11 07:00:00,211.0,High,7.29,Chat
496,2024-03-11 07:30:00,239.0,High,20.55,Chat
497,2024-03-11 08:00:00,240.0,Medium,8.09,Chat
498,2024-03-11 08:30:00,249.0,High,13.76,Email
499,2024-03-11 09:00:00,231.0,High,12.52,Chat
500,2024-03-11 09:30:00,222.0,High,7.59,Phone
501,2024-03-11 10:00:00,218.0,Medium,10.2,Chat
502,2024-03-11 10:30:00,222.0,Medium,3.07,Chat
503,2024-03-11 11:00:00,239.0,Medium,8.26,Email
504,2024-03-11 11:30:00,232.0,High,8.99,Phone
505,2024-03-11 12:00:00,217.0,Medium,10.18,Chat
506,2024-03-11 12:30:00,212.0,High,4.97,Chat
507,2024-03-11 13:00:00,242.0,High,5.54,Chat
508,2024-03-11 13:30:00,214.0,High,1.28,Chat
509,2024-03-11 14:00:00,212.0,Medium,19.82,Email
510,2024-03-11 14:30:00,219.0,Medium,5.65,Phone
511,2024-03-11 15:00:00,251.0,Low,3.89,Phone
512,2024-03-11 15:30:00,227.0,High,0.78,Chat
513,2024-03-11 16:00:00,235.0,Medium,5.76,Chat
514,2024-03-11 16:30:00,204.0,Low,18.43,Phone
515,2024-03-11 17:00:00,220.0,Low,28.36,Phone
516,2024-03-11 17:30:00,245.0,High,1.03,Email
517,2024-03-11 18:00:00,246.0,Medium,27.28,Phone
518,2024-03-11 18:30:00,234.0,Low,5.78,Email
519,2024-03-11 19:00:00,252.0,High,3.7,Phone
520,2024-03-11 19:30:00,217.0,Low,9.36,Email
521,2024-03-11 20:00:00,209.0,Medium,8.54,Phone
522,2024-03-11 20:30:00,204.0,High,18.07,Chat
523,2024-03-11 21:00:00,211.0,Medium,8.27,Phone
524,2024-03-11 21:30:00,245.0,Low,8.1,Email
525,2024-03-11 22:00:00,254.0,High,9.96,Chat
526,2024-03-11 22:30:00,207.0,Medium,14.47,Email
527,2024-03-11 23:00:00,230.0,High,22.85,Chat
528,2024-03-11 23:30:00,207.0,Low,10.49,Email
529,2024-03-12 00:00:00,250.0,High,15.04,Chat
530,2024-03-12 00:30:00,207.0,High,18.66,Chat
531,2024-03-12 01:00:00,238.0,Low,15.57,Phone
532,2024-03-12 01:30:00,204.0,Low,10.81,Chat
533,2024-03-12 02:00:00,244.0,Medium,5.05,Chat
534,2024-03-12 02:30:00,254.0,Medium,6.42,Email
535,2024-03-12 03:00:00,243.0,High,5.41,Chat
536,2024-03-12 03:30:00,216.0,High,27.13,Chat
537,2024-03-12 04:00:00,250.0,High,2.0,Email
538,2024-03-12 04:30:00,218.0,High,20.5,Chat
539,2024-03-12 05:00:00,245.0,High,21.37,Email
540,2024-03-12 05:30:00,,High,13.7,Chat
541,2024-03-12 06:00:00,229.0,High,6.58,Email
542,2024-03-12 06:30:00,237.0,High,10.56,Chat
543,2024-03-12 07:00:00,251.0,Low,13.71,Phone
544,2024-03-12 07:30:00,211.0,Low,10.6,Email
545,2024-03-12 08:00:00,201.0,Low,1.98,Chat
546,2024-03-12 08:30:00,226.0,High,5.06,Email
547,2024-03-12 09:00:00,210.0,Medium,8.1,Chat
548,2024-03-12 09:30:00,253.0,High,4.71,Phone
549,2024-03-12 10:00:00,252.0,High,12.43,Chat
550,2024-03-12 10:30:00,222.0,High,10.21,Phone
551,2024-03-12 11:00:00,218.0,Medium,30.07,Phone
552,2024-03-12 11:30:00,242.0,High,7.34,Email
553,2024-03-12 12:00:00,,High,8.64,Chat
554,2024-03-12 12:30:00,205.0,Low,27.66,Email
555,2024-03-12 13:00:00,239.0,Low,18.15,Email
556,2024-03-12 13:30:00,243.0,Low,4.26,Chat
557,2024-03-12 14:00:00,204.0,High,16.52,Chat
558,2024-03-12 14:30:00,246.0,High,4.77,Phone
559,2024-03-12 15:00:00,232.0,High,13.72,Chat
560,2024-03-12 15:30:00,249.0,High,40.51,Email
561,2024-03-12 16:00:00,251.0,High,8.38,Chat
562,2024-03-12 16:30:00,240.0,Medium,19.06,Phone
563,2024-03-12 17:00:00,220.0,Low,15.41,Phone
564,2024-03-12 17:30:00,222.0,Low,26.54,Email
565,2024-03-12 18:00:00,243.0,Low,6.8,Chat
566,2024-03-12 18:30:00,203.0,High,10.93,Chat
567,2024-03-12 19:00:00,213.0,High,16.17,Chat
568,2024-03-12 19:30:00,231.0,Low,8.03,Phone
569,2024-03-12 20:00:00,256.0,High,6.54,Email
570,2024-03-12 20:30:00,245.0,High,12.73,Phone
571,2024-03-12 21:00:00,248.0,Low,17.56,Chat
572,2024-03-12 21:30:00,,Medium,15.29,Unknown
573,2024-03-12 22:00:00,216.0,High,5.25,Phone
574,2024-03-12 22:30:00,215.0,High,12.25,Chat
575,2024-03-12 23:00:00,244.0,High,11.19,Unknown
576,2024-03-12 23:30:00,,Low,24.18,Chat
577,2024-03-13 00:00:00,,Low,5.85,Email
578,2024-03-13 00:30:00,244.0,Medium,7.87,Email
579,2024-03-13 01:00:00,238.0,Low,28.51,Chat
580,2024-03-13 01:30:00,253.0,Low,8.19,Phone
581,2024-03-13 02:00:00,233.0,Medium,4.78,Email
582,2024-03-13 02:30:00,207.0,High,7.33,Phone
583,2024-03-13 03:00:00,253.0,High,7.04,Email
584,2024-03-13 03:30:00,211.0,High,6.93,Unknown
585,2024-03-13 04:00:00,203.0,High,26.77,Chat
586,2024-03-13 04:30:00,247.0,Low,5.85,Phone
587,2024-03-13 05:00:00,227.0,High,2.68,Chat
588,2024-03-13 05:30:00,238.0,High,23.45,Chat
589,2024-03-13 06:00:00,207.0,Low,11.88,Chat
590,2024-03-13 06:30:00,243.0,High,14.66,Chat
591,2024-03-13 07:00:00,224.0,Medium,11.93,Phone
592,2024-03-13 07:30:00,259.0,Medium,14.3,Phone
593,2024-03-13 08:00:00,238.0,Low,15.97,Phone
594,2024-03-13 08:30:00,256.0,High,12.34,Chat
595,2024-03-13 09:00:00,247.0,Medium,2.52,Email
596,2024-03-13 09:30:00,250.0,Medium,10.69,Chat
597,2024-03-13 10:00:00,205.0,High,4.63,Unknown
598,2024-03-13 10:30:00,246.0,High,12.68,Phone
599,2024-03-13 11:00:00,236.0,Low,10.79,Email
600,2024-03-13 11:30:00,223.0,Medium,24.97,Phone
601,2024-03-13 12:00:00,218.0,Medium,4.92,Phone
602,2024-03-13 12:30:00,238.0,High,4.55,Phone
603,2024-03-13 13:00:00,,Low,4.34,Phone
604,2024-03-13 13:30:00,211.0,Low,15.03,Chat
605,2024-03-13 14:00:00,252.0,High,4.1,Chat
606,2024-03-13 14:30:00,245.0,High,4.35,Chat
607,2024-03-13 15:00:00,235.0,Medium,16.41,Phone
608,2024-03-13 15:30:00,245.0,Medium,3.59,Chat
609,2024-03-13 16:00:00,219.0,Low,2.34,Email
610,2024-03-13 16:30:00,243.0,Medium,4.32,Phone
611,2024-03-13 17:00:00,212.0,High,10.9,Phone
612,2024-03-13 17:30:00,226.0,High,2.93,Email
613,2024-03-13 18:00:00,208.0,Medium,10.17,Phone
614,2024-03-13 18:30:00,222.0,Low,5.57,Chat
615,2024-03-13 19:00:00,220.0,Medium,18.25,Email
616,2024-03-13 19:30:00,225.0,Low,8.56,Email
617,2024-03-13 20:00:00,228.0,High,30.65,Email
618,2024-03-13 20:30:00,202.0,Low,9.18,Chat
619,2024-03-13 21:00:00,220.0,High,5.05,Email
620,2024-03-13 21:30:00,250.0,High,10.45,Chat
621,2024-03-13 22:00:00,225.0,Medium,8.38,Phone
622,2024-03-13 22:30:00,232.0,Low,6.41,Email
623,2024-03-13 23:00:00,206.0,Low,40.29,Email
624,2024-03-13 23:30:00,223.0,Medium,22.98,Chat
625,2024-03-14 00:00:00,258.0,High,20.01,Email
626,2024-03-14 00:30:00,232.0,Medium,20.22,Email
627,2024-03-14 01:00:00,201.0,High,4.5,Email
628,2024-03-14 01:30:00,243.0,Low,6.44,Phone
629,2024-03-14 02:00:00,246.0,Medium,3.53,Chat
630,2024-03-14 02:30:00,222.0,High,20.65,Phone
631,2024-03-14 03:00:00,201.0,High,30.61,Phone
632,2024-03-14 03:30:00,249.0,High,7.36,Email
633,2024-03-14 04:00:00,215.0,High,9.47,Email
634,2024-03-14 04:30:00,255.0,High,7.34,Email
635,2024-03-14 05:00:00,221.0,High,12.93,Phone
636,2024-03-14 05:30:00,223.0,High,11.15,Chat
637,2024-03-14 06:00:00,247.0,Low,12.57,Phone
638,2024-03-14 06:30:00,208.0,High,14.34,Chat
639,2024-03-14 07:00:00,201.0,Low,11.17,Email
640,2024-03-14 07:30:00,245.0,Medium,8.36,Chat
641,2024-03-14 08:00:00,255.0,Medium,23.26,Chat
642,2024-03-14 08:30:00,259.0,Low,13.62,Email
643,2024-03-14 09:00:00,207.0,High,5.35,Email
644,2024-03-14 09:30:00,208.0,Medium,25.08,Phone
645,2024-03-14 10:00:00,220.0,High,9.58,Chat
646,2024-03-14 10:30:00,242.0,Low,18.51,Chat
647,2024-03-14 11:00:00,254.0,High,9.61,Email
648,2024-03-14 11:30:00,249.0,Low,29.58,Email
649,2024-03-14 12:00:00,222.0,High,29.61,Chat
650,2024-03-14 12:30:00,255.0,High,10.41,Phone
651,2024-03-14 13:00:00,215.0,High,9.07,Chat
652,2024-03-14 13:30:00,207.0,High,8.07,Phone
653,2024-03-14 14:00:00,226.0,High,14.51,Chat
654,2024-03-14 14:30:00,205.0,Medium,15.07,Chat
655,2024-03-14 15:00:00,240.0,Medium,1.53,Phone
656,2024-03-14 15:30:00,259.0,Low,4.63,Chat
657,2024-03-14 16:00:00,206.0,High,24.74,Chat
658,2024-03-14 16:30:00,207.0,High,11.55,Email
659,2024-03-14 17:00:00,210.0,Low,1.34,Email
660,2024-03-14 17:30:00,210.0,High,10.27,Chat
661,2024-03-14 18:00:00,232.0,High,5.39,Email
662,2024-03-14 18:30:00,234.0,Low,7.25,Email
663,2024-03-14 19:00:00,257.0,High,4.38,Chat
664,2024-03-14 19:30:00,226.0,High,7.31,Phone
665,2024-03-14 20:00:00,255.0,High,3.88,Unknown
666,2024-03-14 20:30:00,245.0,High,6.7,Phone
667,2024-03-14 21:00:00,251.0,High,4.92,Chat
668,2024-03-14 21:30:00,211.0,High,18.12,Email
669,2024-03-14 22:00:00,227.0,High,7.6,Chat
670,2024-03-14 22:30:00,254.0,High,11.76,Email
671,2024-03-14 23:00:00,245.0,Medium,5.94,Email
672,2024-03-14 23:30:00,213.0,High,16.75,Phone
673,2024-03-15 00:00:00,250.0,Medium,11.54,Chat
674,2024-03-15 00:30:00,246.0,Medium,6.78,Phone
675,2024-03-15 01:00:00,208.0,High,20.27,Email
676,2024-03-15 01:30:00,204.0,High,8.59,Chat
677,2024-03-15 02:00:00,215.0,High,41.5,Phone
678,2024-03-15 02:30:00,228.0,Low,11.82,Email
679,2024-03-15 03:00:00,209.0,High,11.21,Email
680,2024-03-15 03:30:00,201.0,High,11.4,Unknown
681,2024-03-15 04:00:00,206.0,High,23.59,Email
682,2024-03-15 04:30:00,218.0,Low,11.61,Phone
683,2024-03-15 05:00:00,,High,7.19,Chat
684,2024-03-15 05:30:00,218.0,Low,3.55,Phone
685,2024-03-15 06:00:00,226.0,High,29.83,Phone
686,2024-03-15 06:30:00,243.0,High,23.5,Email
687,2024-03-15 07:00:00,214.0,Medium,27.0,Email
688,2024-03-15 07:30:00,227.0,Medium,9.59,Chat
689,2024-03-15 08:00:00,243.0,Medium,3.78,Email
690,2024-03-15 08:30:00,203.0,High,12.34,Email
691,2024-03-15 09:00:00,,Low,4.63,Phone
692,2024-03-15 09:30:00,259.0,High,6.82,Chat
693,2024-03-15 10:00:00,217.0,Medium,22.8,Email
694,2024-03-15 10:30:00,253.0,High,6.57,Phone
695,2024-03-15 11:00:00,215.0,High,3.36,Phone
696,2024-03-15 11:30:00,254.0,High,10.7,Phone
697,2024-03-15 12:00:00,239.0,Low,1.89,Email
698,2024-03-15 12:30:00,214.0,High,14.58,Unknown
699,2024-03-15 13:00:00,203.0,High,4.42,Chat
700,2024-03-15 13:30:00,223.0,High,24.07,Email
701,2024-03-15 14:00:00,244.0,High,2.76,Email
702,2024-03-15 14:30:00,,High,3.32,Phone
703,2024-03-15 15:00:00,230.0,Medium,6.9,Phone
704,2024-03-15 15:30:00,207.0,High,3.19,Phone
705,2024-03-15 16:00:00,225.0,High,8.85,Email
706,2024-03-15 16:30:00,201.0,Low,14.33,Email
707,2024-03-15 17:00:00,259.0,High,8.21,Phone
708,2024-03-15 17:30:00,,Medium,13.79,Email
709,2024-03-15 18:00:00,250.0,High,11.23,Email
710,2024-03-15 18:30:00,207.0,Medium,9.63,Email
711,2024-03-15 19:00:00,210.0,High,4.45,Chat
712,2024-03-15 19:30:00,210.0,Medium,7.85,Email
713,2024-03-15 20:00:00,234.0,High,19.07,Email
714,2024-03-15 20:30:00,251.0,Low,18.37,Unknown
715,2024-03-15 21:00:00,236.0,Low,14.98,Email
716,2024-03-15 21:30:00,229.0,High,4.96,Chat
717,2024-03-15 22:00:00,256.0,High,22.62,Email
718,2024-03-15 22:30:00,211.0,Low,5.41,Phone
719,2024-03-15 23:00:00,209.0,Medium,10.11,Phone
720,2024-03-15 23:30:00,240.0,Low,29.15,Phone
721,2024-03-16 00:00:00,251.0,High,1.47,Chat
722,2024-03-16 00:30:00,215.0,High,10.08,Phone
723,2024-03-16 01:00:00,215.0,High,17.04,Phone
724,2024-03-16 01:30:00,231.0,Low,7.58,Phone
725,2024-03-16 02:00:00,246.0,High,1.63,Email
726,2024-03-16 02:30:00,216.0,Medium,18.17,Chat
727,2024-03-16 03:00:00,249.0,High,22.22,Chat
728,2024-03-16 03:30:00,230.0,High,26.92,Email
729,2024-03-16 04:00:00,242.0,High,3.84,Phone
730,2024-03-16 04:30:00,237.0,High,2.2,Chat
731,2024-03-16 05:00:00,228.0,Low,12.21,Phone
732,2024-03-16 05:30:00,232.0,Medium,34.06,Phone
733,2024-03-16 06:00:00,259.0,High,8.28,Chat
734,2024-03-16 06:30:00,223.0,Low,19.76,Email
735,2024-03-16 07:00:00,256.0,High,6.06,Email
736,2024-03-16 07:30:00,247.0,Medium,15.01,Chat
737,2024-03-16 08:00:00,210.0,High,16.93,Unknown
738,2024-03-16 08:30:00,252.0,High,7.26,Email
739,2024-03-16 09:00:00,222.0,High,30.58,Phone
740,2024-03-16 09:30:00,210.0,High,8.99,Email
741,2024-03-16 10:00:00,215.0,High,31.86,Chat
742,2024-03-16 10:30:00,208.0,Low,5.74,Phone
743,2024-03-16 11:00:00,220.0,Low,3.26,Chat
744,2024-03-16 11:30:00,206.0,High,1.52,Email
745,2024-03-16 12:00:00,232.0,Low,20.7,Email
746,2024-03-16 12:30:00,258.0,Medium,11.8,Phone
747,2024-03-16 13:00:00,257.0,High,7.22,Chat
748,2024-03-16 13:30:00,256.0,High,5.44,Chat
749,2024-03-16 14:00:00,214.0,Medium,6.65,Email
750,2024-03-16 14:30:00,213.0,Medium,23.8,Phone
751,2024-03-16 15:00:00,240.0,Medium,14.94,Phone
752,2024-03-16 15:30:00,258.0,Low,0.74,Chat
753,2024-03-16 16:00:00,249.0,High,2.78,Email
754,2024-03-16 16:30:00,212.0,Low,2.16,Chat
755,2024-03-16 17:00:00,244.0,Low,12.58,Phone
756,2024-03-16 17:30:00,230.0,Medium,10.85,Chat
757,2024-03-16 18:00:00,,Medium,18.58,Chat
758,2024-03-16 18:30:00,229.0,High,6.82,Phone
759,2024-03-16 19:00:00,232.0,High,7.35,Phone
760,2024-03-16 19:30:00,254.0,High,5.85,Email
761,2024-03-16 20:00:00,247.0,High,16.4,Chat
762,2024-03-16 20:30:00,202.0,High,3.41,Email
763,2024-03-16 21:00:00,245.0,Low,6.08,Email
764,2024-03-16 21:30:00,218.0,High,1.26,Chat
765,2024-03-16 22:00:00,220.0,Medium,16.95,Email
766,2024-03-16 22:30:00,235.0,Low,2.66,Chat
767,2024-03-16 23:00:00,259.0,High,6.39,Phone
768,2024-03-16 23:30:00,203.0,Medium,9.35,Chat
769,2024-03-17 00:00:00,230.0,High,7.01,Phone
770,2024-03-17 00:30:00,214.0,High,0.66,Chat
771,2024-03-17 01:00:00,254.0,High,14.3,Chat
772,2024-03-17 01:30:00,227.0,High,16.85,Unknown
773,2024-03-17 02:00:00,251.0,Medium,10.74,Email
774,2024-03-17 02:30:00,252.0,Medium,6.96,Email
775,2024-03-17 03:00:00,206.0,Low,9.21,Chat
776,2024-03-17 03:30:00,245.0,High,37.67,Chat
777,2024-03-17 04:00:00,247.0,Medium,4.88,Chat
778,2024-03-17 04:30:00,249.0,High,4.21,Unknown
779,2024-03-17 05:00:00,259.0,Low,17.8,Email
780,2024-03-17 05:30:00,245.0,High,31.22,Email
781,2024-03-17 06:00:00,250.0,Low,20.66,Chat
782,2024-03-17 06:30:00,242.0,Medium,10.0,Email
783,2024-03-17 07:00:00,217.0,High,31.23,Chat
784,2024-03-17 07:30:00,250.0,High,6.4,Email
785,2024-03-17 08:00:00,242.0,Medium,15.15,Chat
786,2024-03-17 08:30:00,240.0,Medium,1.62,Chat
787,2024-03-17 09:00:00,258.0,Medium,18.25,Chat
788,2024-03-17 09:30:00,244.0,Medium,9.7,Email
789,2024-03-17 10:00:00,220.0,Low,24.06,Chat
790,2024-03-17 10:30:00,218.0,Medium,0.34,Chat
791,2024-03-17 11:00:00,219.0,High,13.3,Chat
792,2024-03-17 11:30:00,210.0,Medium,9.5,Chat
793,2024-03-17 12:00:00,204.0,Medium,8.43,Chat
794,2024-03-17 12:30:00,245.0,Low,12.0,Phone
795,2024-03-17 13:00:00,247.0,High,7.79,Phone
796,2024-03-17 13:30:00,,High,17.27,Phone
797,2024-03-17 14:00:00,223.0,High,3.28,Chat
798,2024-03-17 14:30:00,255.0,High,14.14,Email
799,2024-03-17 15:00:00,,High,21.8,Phone
800,2024-03-17 15:30:00,235.0,High,4.12,Email
801,2024-03-17 16:00:00,258.0,Low,34.58,Email
802,2024-03-17 16:30:00,219.0,Low,9.57,Email
803,2024-03-17 17:00:00,250.0,High,5.64,Email
804,2024-03-17 17:30:00,256.0,Low,14.94,Chat
805,2024-03-17 18:00:00,235.0,High,14.53,Chat
806,2024-03-17 18:30:00,209.0,High,12.74,Unknown
807,2024-03-17 19:00:00,217.0,High,1.83,Phone
808,2024-03-17 19:30:00,230.0,High,17.94,Phone
809,2024-03-17 20:00:00,216.0,High,17.72,Phone
810,2024-03-17 20:30:00,205.0,Medium,5.06,Email
811,2024-03-17 21:00:00,210.0,High,30.79,Email
812,2024-03-17 21:30:00,257.0,Low,9.22,Phone
813,2024-03-17 22:00:00,222.0,High,13.09,Phone
814,2024-03-17 22:30:00,,High,2.35,Email
815,2024-03-17 23:00:00,226.0,High,14.3,Chat
816,2024-03-17 23:30:00,248.0,High,3.56,Email
817,2024-03-18 00:00:00,206.0,Medium,2.31,Chat
818,2024-03-18 00:30:00,216.0,High,11.08,Chat
819,2024-03-18 01:00:00,235.0,High,24.46,Chat
820,2024-03-18 01:30:00,248.0,High,5.76,Chat
821,2024-03-18 02:00:00,227.0,Low,4.06,Phone
822,2024-03-18 02:30:00,242.0,Medium,22.24,Phone
823,2024-03-18 03:00:00,248.0,High,19.94,Chat
824,2024-03-18 03:30:00,238.0,Medium,9.88,Chat
825,2024-03-18 04:00:00,249.0,Medium,12.79,Phone
826,2024-03-18 04:30:00,257.0,High,4.22,Email
827,2024-03-18 05:00:00,213.0,High,3.19,Phone
828,2024-03-18 05:30:00,226.0,High,2.83,Email
829,2024-03-18 06:00:00,213.0,Low,7.74,Email
830,2024-03-18 06:30:00,224.0,High,17.48,Phone
831,2024-03-18 07:00:00,200.0,Low,7.83,Email
832,2024-03-18 07:30:00,241.0,Medium,10.27,Email
833,2024-03-18 08:00:00,214.0,Low,16.43,Email
834,2024-03-18 08:30:00,250.0,Medium,1.03,Unknown
835,2024-03-18 09:00:00,243.0,High,19.33,Chat
836,2024-03-18 09:30:00,220.0,Low,12.88,Chat
837,2024-03-18 10:00:00,227.0,Medium,4.08,Phone
838,2024-03-18 10:30:00,240.0,High,8.37,Phone
839,2024-03-18 11:00:00,225.0,Medium,2.43,Email
840,2024-03-18 11:30:00,212.0,High,15.16,Email
841,2024-03-18 12:00:00,202.0,High,10.17,Phone
842,2024-03-18 12:30:00,233.0,Medium,8.48,Chat
843,2024-03-18 13:00:00,231.0,High,3.19,Chat
844,2024-03-18 13:30:00,246.0,High,13.54,Email
845,2024-03-18 14:00:00,207.0,Medium,14.28,Chat
846,2024-03-18 14:30:00,203.0,Medium,15.65,Phone
847,2024-03-18 15:00:00,244.0,Low,2.28,Phone
848,2024-03-18 15:30:00,243.0,Medium,7.67,Email
849,2024-03-18 16:00:00,247.0,Medium,6.9,Chat
850,2024-03-18 16:30:00,200.0,High,18.25,Email
851,2024-03-18 17:00:00,239.0,High,17.11,Chat
852,2024-03-18 17:30:00,257.0,Low,13.95,Phone
853,2024-03-18 18:00:00,245.0,Medium,18.46,Email
854,2024-03-18 18:30:00,228.0,Medium,10.5,Chat
855,2024-03-18 19:00:00,228.0,Low,42.59,Email
856,2024-03-18 19:30:00,224.0,Medium,8.28,Email
857,2024-03-18 20:00:00,203.0,High,9.74,Chat
858,2024-03-18 20:30:00,243.0,Medium,3.55,Email
859,2024-03-18 21:00:00,232.0,Medium,12.47,Email
860,2024-03-18 21:30:00,231.0,High,12.14,Email
861,2024-03-18 22:00:00,255.0,Low,21.85,Phone
862,2024-03-18 22:30:00,243.0,Low,13.13,Chat
863,2024-03-18 23:00:00,257.0,Low,3.38,Chat
864,2024-03-18 23:30:00,205.0,High,10.31,Email
865,2024-03-19 00:00:00,257.0,Medium,10.59,Chat
866,2024-03-19 00:30:00,233.0,Low,15.87,Email
867,2024-03-19 01:00:00,224.0,Low,10.81,Email
868,2024-03-19 01:30:00,233.0,Medium,6.82,Email
869,2024-03-19 02:00:00,,Low,10.99,Phone
870,2024-03-19 02:30:00,255.0,High,11.31,Email
871,2024-03-19 03:00:00,237.0,High,4.16,Chat
872,2024-03-19 03:30:00,202.0,Low,5.16,Unknown
873,2024-03-19 04:00:00,254.0,High,10.85,Email
874,2024-03-19 04:30:00,227.0,Medium,20.25,Email
875,2024-03-19 05:00:00,207.0,High,11.45,Email
876,2024-03-19 05:30:00,237.0,High,9.83,Chat
877,2024-03-19 06:00:00,204.0,High,14.06,Phone
878,2024-03-19 06:30:00,233.0,High,10.51,Email
879,2024-03-19 07:00:00,245.0,Medium,2.33,Chat
880,2024-03-19 07:30:00,204.0,High,6.63,Email
881,2024-03-19 08:00:00,247.0,High,22.27,Unknown
882,2024-03-19 08:30:00,235.0,High,11.03,Chat
883,2024-03-19 09:00:00,219.0,High,3.89,Chat
884,2024-03-19 09:30:00,213.0,Low,11.24,Email
885,2024-03-19 10:00:00,200.0,High,9.14,Chat
886,2024-03-19 10:30:00,211.0,High,37.69,Phone
887,2024-03-19 11:00:00,217.0,High,4.7,Email
888,2024-03-19 11:30:00,252.0,High,15.55,Email
889,2024-03-19 12:00:00,230.0,High,22.38,Email
890,2024-03-19 12:30:00,211.0,High,15.85,Phone
891,2024-03-19 13:00:00,244.0,Low,3.96,Phone
892,2024-03-19 13:30:00,227.0,Low,11.3,Phone
893,2024-03-19 14:00:00,250.0,Medium,5.18,Email
894,2024-03-19 14:30:00,245.0,Medium,7.4,Email
895,2024-03-19 15:00:00,255.0,Medium,15.98,Phone
896,2024-03-19 15:30:00,242.0,High,2.22,Chat
897,2024-03-19 16:00:00,206.0,High,19.17,Email
898,2024-03-19 16:30:00,233.0,High,28.48,Unknown
899,2024-03-19 17:00:00,225.0,Low,17.31,Email
900,2024-03-19 17:30:00,248.0,High,7.91,Phone
901,2024-03-19 18:00:00,209.0,Low,30.35,Email
902,2024-03-19 18:30:00,227.0,Low,13.29,Phone
903,2024-03-19 19:00:00,249.0,High,1.89,Email
904,2024-03-19 19:30:00,237.0,High,4.61,Phone
905,2024-03-19 20:00:00,202.0,Low,12.75,Phone
906,2024-03-19 20:30:00,249.0,High,11.25,Phone
907,2024-03-19 21:00:00,222.0,High,14.92,Chat
908,2024-03-19 21:30:00,240.0,High,14.25,Email
909,2024-03-19 22:00:00,239.0,High,5.37,Chat
910,2024-03-19 22:30:00,238.0,High,7.32,Unknown
911,2024-03-19 23:00:00,225.0,High,12.95,Email
912,2024-03-19 23:30:00,224.0,Medium,32.99,Chat
913,2024-03-20 00:00:00,206.0,High,20.19,Chat
914,2024-03-20 00:30:00,233.0,High,24.32,Chat
915,2024-03-20 01:00:00,217.0,High,16.39,Email
916,2024-03-20 01:30:00,223.0,High,9.03,Email
917,2024-03-20 02:00:00,210.0,Medium,6.57,Email
918,2024-03-20 02:30:00,244.0,High,3.16,Email
919,2024-03-20 03:00:00,255.0,Medium,9.83,Email
920,2024-03-20 03:30:00,222.0,Medium,12.86,Phone
921,2024-03-20 04:00:00,225.0,High,6.08,Phone
922,2024-03-20 04:30:00,227.0,High,2.0,Email
923,2024-03-20 05:00:00,204.0,High,1.24,Email
924,2024-03-20 05:30:00,245.0,Low,1.48,Chat
925,2024-03-20 06:00:00,252.0,High,26.36,Email
926,2024-03-20 06:30:00,230.0,High,28.68,Chat
927,2024-03-20 07:00:00,203.0,Medium,19.26,Email
928,2024-03-20 07:30:00,220.0,High,15.64,Chat
929,2024-03-20 08:00:00,209.0,High,14.63,Phone
930,2024-03-20 08:30:00,,Low,2.93,Phone
931,2024-03-20 09:00:00,248.0,Low,40.81,Phone
932,2024-03-20 09:30:00,222.0,High,9.86,Phone
933,2024-03-20 10:00:00,222.0,Medium,11.17,Unknown
934,2024-03-20 10:30:00,250.0,High,7.2,Chat
935,2024-03-20 11:00:00,205.0,High,2.6,Email
936,2024-03-20 11:30:00,247.0,Low,12.55,Email
937,2024-03-20 12:00:00,257.0,High,20.74,Chat
938,2024-03-20 12:30:00,226.0,High,14.39,Chat
939,2024-03-20 13:00:00,245.0,High,2.9,Phone
940,2024-03-20 13:30:00,242.0,Medium,28.93,Email
941,2024-03-20 14:00:00,253.0,Medium,21.77,Chat
942,2024-03-20 14:30:00,202.0,Medium,2.74,Email
943,2024-03-20 15:00:00,242.0,Medium,7.36,Chat
944,2024-03-20 15:30:00,223.0,Low,34.81,Phone
945,2024-03-20 16:00:00,251.0,Low,7.61,Email
946,2024-03-20 16:30:00,251.0,High,7.68,Chat
947,2024-03-20 17:00:00,217.0,Medium,10.93,Chat
948,2024-03-20 17:30:00,234.0,Medium,13.53,Chat
949,2024-03-20 18:00:00,229.0,High,9.33,Email
950,2024-03-20 18:30:00,233.0,High,19.18,Chat
951,2024-03-20 19:00:00,249.0,Medium,8.2,Email
952,2024-03-20 19:30:00,239.0,Low,6.28,Chat
953,2024-03-20 20:00:00,245.0,Medium,1.67,Email
954,2024-03-20 20:30:00,240.0,High,12.37,Unknown
955,2024-03-20 21:00:00,215.0,High,37.2,Email
956,2024-03-20 21:30:00,235.0,Medium,15.22,Email
957,2024-03-20 22:00:00,222.0,High,22.71,Phone
958,2024-03-20 22:30:00,225.0,High,12.92,Chat
959,2024-03-20 23:00:00,206.0,Low,12.61,Chat
960,2024-03-20 23:30:00,211.0,High,1.05,Phone
961,2024-03-21 00:00:00,220.0,High,6.46,Chat
962,2024-03-21 00:30:00,217.0,High,8.06,Chat
963,2024-03-21 01:00:00,238.0,Medium,17.16,Phone
964,2024-03-21 01:30:00,217.0,Medium,8.57,Email
965,2024-03-21 02:00:00,214.0,Medium,1.92,Email
966,2024-03-21 02:30:00,225.0,Low,1.51,Phone
967,2024-03-21 03:00:00,234.0,Medium,7.97,Chat
968,2024-03-21 03:30:00,259.0,High,10.7,Unknown
969,2024-03-21 04:00:00,230.0,High,38.0,Chat
970,2024-03-21 04:30:00,221.0,High,3.33,Phone
971,2024-03-21 05:00:00,219.0,Low,5.9,Email
972,2024-03-21 05:30:00,226.0,High,6.2,Email
973,2024-03-21 06:00:00,255.0,Low,29.51,Chat
974,2024-03-21 06:30:00,222.0,High,7.83,Phone
975,2024-03-21 07:00:00,214.0,High,8.65,Chat
976,2024-03-21 07:30:00,234.0,High,14.51,Chat
977,2024-03-21 08:00:00,246.0,Low,21.09,Chat
978,2024-03-21 08:30:00,256.0,High,10.5,Email
979,2024-03-21 09:00:00,216.0,High,15.65,Email
980,2024-03-21 09:30:00,253.0,Medium,1.63,Email
981,2024-03-21 10:00:00,251.0,High,21.06,Email
982,2024-03-21 10:30:00,222.0,Medium,17.09,Chat
983,2024-03-21 11:00:00,220.0,Low,45.67,Email
984,2024-03-21 11:30:00,216.0,Medium,9.68,Phone
985,2024-03-21 12:00:00,219.0,High,24.58,Chat
986,2024-03-21 12:30:00,253.0,Low,19.02,Email
987,2024-03-21 13:00:00,218.0,High,9.77,Email
988,2024-03-21 13:30:00,229.0,Medium,1.43,Email
989,2024-03-21 14:00:00,256.0,High,19.34,Phone
990,2024-03-21 14:30:00,241.0,High,10.21,Email
991,2024-03-21 15:00:00,207.0,Low,28.38,Chat
992,2024-03-21 15:30:00,204.0,Low,10.66,Chat
993,2024-03-21 16:00:00,213.0,High,2.41,Chat
994,2024-03-21 16:30:00,251.0,Medium,10.91,Phone
995,2024-03-21 17:00:00,213.0,Low,10.95,Chat
996,2024-03-21 17:30:00,218.0,Medium,14.19,Email
997,2024-03-21 18:00:00,232.0,Medium,16.47,Email
998,2024-03-21 18:30:00,229.0,High,10.11,Email
999,2024-03-21 19:00:00,204.0,Low,1.81,Email
1000,2024-03-21 19:30:00,211.0,High,3.13,Chat
1001,2024-03-21 20:00:00,259.0,High,10.47,Phone
1002,2024-03-21 20:30:00,225.0,High,10.66,Chat
1003,2024-03-21 21:00:00,216.0,High,21.45,Phone
1004,2024-03-21 21:30:00,249.0,High,11.35,Phone
1005,2024-03-21 22:00:00,,Low,20.55,Chat
1006,2024-03-21 22:30:00,249.0,High,12.33,Email
1007,2024-03-21 23:00:00,209.0,Low,7.51,Chat
1008,2024-03-21 23:30:00,228.0,Medium,32.21,Email
1009,2024-03-22 00:00:00,248.0,High,9.7,Chat
1010,2024-03-22 00:30:00,246.0,Medium,9.55,Email
1011,2024-03-22 01:00:00,240.0,High,11.72,Chat
1012,2024-03-22 01:30:00,227.0,High,20.06,Chat
1013,2024-03-22 02:00:00,249.0,Low,8.33,Email
1014,2024-03-22 02:30:00,222.0,High,12.22,Chat
1015,2024-03-22 03:00:00,239.0,Medium,10.015,Phone
1016,2024-03-22 03:30:00,232.0,Low,14.15,Chat
1017,2024-03-22 04:00:00,218.0,Medium,0.86,Email
1018,2024-03-22 04:30:00,212.0,Low,5.85,Email
1019,2024-03-22 05:00:00,231.0,Low,6.63,Phone
1020,2024-03-22 05:30:00,218.0,High,8.78,Email
1021,2024-03-22 06:00:00,231.0,Low,7.21,Email
1022,2024-03-22 06:30:00,242.0,High,20.11,Phone
1023,2024-03-22 07:00:00,248.0,High,17.06,Email
1024,2024-03-22 07:30:00,246.0,High,4.33,Email
1025,2024-03-22 08:00:00,230.0,High,12.19,Chat
1026,2024-03-22 08:30:00,203.0,High,26.42,Email
1027,2024-03-22 09:00:00,210.0,High,6.25,Email
1028,2024-03-22 09:30:00,243.0,High,7.94,Phone
1029,2024-03-22 10:00:00,235.0,High,15.05,Email
1030,2024-03-22 10:30:00,249.0,High,2.76,Phone
1031,2024-03-22 11:00:00,229.0,Medium,9.59,Email
1032,2024-03-22 11:30:00,226.0,Low,24.13,Email
1033,2024-03-22 12:00:00,214.0,Low,31.73,Chat
1034,2024-03-22 12:30:00,203.0,Medium,4.62,Email
1035,2024-03-22 13:00:00,208.0,High,23.07,Chat
1036,2024-03-22 13:30:00,240.0,High,3.55,Chat
1037,2024-03-22 14:00:00,234.0,High,35.83,Chat
1038,2024-03-22 14:30:00,214.0,Low,15.6,Phone
1039,2024-03-22 15:00:00,221.0,Medium,9.6,Chat
1040,2024-03-22 15:30:00,238.0,High,8.16,Phone
1041,2024-03-22 16:00:00,,Low,16.07,Email
1042,2024-03-22 16:30:00,222.0,Medium,28.63,Chat
1043,2024-03-22 17:00:00,216.0,High,16.8,Chat
1044,2024-03-22 17:30:00,238.0,High,23.38,Phone
1045,2024-03-22 18:00:00,253.0,Low,21.5,Chat
1046,2024-03-22 18:30:00,215.0,High,20.45,Phone
1047,2024-03-22 19:00:00,217.0,High,38.93,Email
1048,2024-03-22 19:30:00,228.0,Medium,23.35,Email
1049,2024-03-22 20:00:00,,Medium,12.05,Chat
1050,2024-03-22 20:30:00,231.0,High,14.59,Chat
1051,2024-03-22 21:00:00,253.0,Medium,2.95,Chat
1052,2024-03-22 21:30:00,237.0,High,2.35,Phone
1053,2024-03-22 22:00:00,209.0,Medium,8.52,Chat
1054,2024-03-22 22:30:00,212.0,High,11.2,Phone
1055,2024-03-22 23:00:00,204.0,High,8.5,Phone
1056,2024-03-22 23:30:00,257.0,Low,9.61,Email
1057,2024-03-23 00:00:00,220.0,Low,22.58,Chat
1058,2024-03-23 00:30:00,217.0,Low,13.82,Phone
1059,2024-03-23 01:00:00,251.0,High,2.01,Email
1060,2024-03-23 01:30:00,218.0,High,18.91,Phone
1061,2024-03-23 02:00:00,213.0,Medium,18.52,Chat
1062,2024-03-23 02:30:00,215.0,High,11.38,Chat
1063,2024-03-23 03:00:00,223.0,Medium,10.015,Email
1064,2024-03-23 03:30:00,204.0,High,7.23,Phone
1065,2024-03-23 04:00:00,238.0,Medium,15.47,Email
1066,2024-03-23 04:30:00,225.0,High,7.45,Email
1067,2024-03-23 05:00:00,258.0,Medium,10.3,Email
1068,2024-03-23 05:30:00,246.0,Low,20.55,Unknown
1069,2024-03-23 06:00:00,223.0,Medium,11.99,Chat
1070,2024-03-23 06:30:00,242.0,High,11.51,Email
1071,2024-03-23 07:00:00,248.0,Medium,28.59,Chat
1072,2024-03-23 07:30:00,211.0,High,9.26,Phone
1073,2024-03-23 08:00:00,209.0,Low,22.56,Chat
1074,2024-03-23 08:30:00,208.0,High,13.66,Phone
1075,2024-03-23 09:00:00,202.0,Low,7.41,Phone
1076,2024-03-23 09:30:00,219.0,Medium,7.97,Email
1077,2024-03-23 10:00:00,,High,16.77,Email
1078,2024-03-23 10:30:00,246.0,High,32.39,Phone
1079,2024-03-23 11:00:00,222.0,High,5.35,Chat
1080,2024-03-23 11:30:00,229.0,Low,4.02,Chat
1081,2024-03-23 12:00:00,246.0,High,27.73,Phone
1082,2024-03-23 12:30:00,255.0,High,10.14,Chat
1083,2024-03-23 13:00:00,216.0,Low,13.29,Phone
1084,2024-03-23 13:30:00,,High,2.84,Email
1085,2024-03-23 14:00:00,235.0,High,23.15,Chat
1086,2024-03-23 14:30:00,237.0,High,2.74,Chat
1087,2024-03-23 15:00:00,248.0,Low,20.48,Chat
1088,2024-03-23 15:30:00,246.0,Medium,9.32,Email
1089,2024-03-23 16:00:00,223.0,High,11.59,Chat
1090,2024-03-23 16:30:00,245.0,Low,8.22,Phone
1091,2024-03-23 17:00:00,203.0,Low,5.49,Chat
1092,2024-03-23 17:30:00,220.0,Low,8.11,Email
1093,2024-03-23 18:00:00,213.0,Low,16.71,Chat
1094,2024-03-23 18:30:00,215.0,High,1.31,Phone
1095,2024-03-23 19:00:00,254.0,Low,3.02,Chat
1096,2024-03-23 19:30:00,226.0,Low,18.27,Email
1097,2024-03-23 20:00:00,204.0,High,13.71,Phone
1098,2024-03-23 20:30:00,229.0,Low,34.99,Chat
1099,2024-03-23 21:00:00,204.0,Medium,3.66,Chat
1100,2024-03-23 21:30:00,208.0,Low,4.83,Email
1101,2024-03-23 22:00:00,223.0,High,10.53,Email
1102,2024-03-23 22:30:00,226.0,High,11.95,Unknown
1103,2024-03-23 23:00:00,213.0,Low,13.36,Chat
1104,2024-03-23 23:30:00,238.0,High,13.06,Email
1105,2024-03-24 00:00:00,229.0,High,18.14,Email
1106,2024-03-24 00:30:00,208.0,High,1.76,Chat
1107,2024-03-24 01:00:00,249.0,High,12.94,Email
1108,2024-03-24 01:30:00,208.0,High,7.14,Email
1109,2024-03-24 02:00:00,221.0,High,6.6,Chat
1110,2024-03-24 02:30:00,210.0,High,31.7,Email
1111,2024-03-24 03:00:00,256.0,High,8.55,Phone
1112,2024-03-24 03:30:00,216.0,High,24.66,Email
1113,2024-03-24 04:00:00,252.0,Medium,10.015,Phone
1114,2024-03-24 04:30:00,257.0,Medium,8.5,Chat
1115,2024-03-24 05:00:00,213.0,Medium,11.09,Email
1116,2024-03-24 05:30:00,201.0,Low,10.39,Phone
1117,2024-03-24 06:00:00,200.0,Low,12.24,Chat
1118,2024-03-24 06:30:00,211.0,High,28.23,Email
1119,2024-03-24 07:00:00,224.0,High,20.2,Phone
1120,2024-03-24 07:30:00,209.0,Low,12.23,Chat
1121,2024-03-24 08:00:00,257.0,Medium,11.46,Chat
1122,2024-03-24 08:30:00,228.0,High,5.34,Chat
1123,2024-03-24 09:00:00,,Low,14.31,Phone
1124,2024-03-24 09:30:00,200.0,Medium,3.61,Chat
1125,2024-03-24 10:00:00,207.0,Low,5.79,Email
1126,2024-03-24 10:30:00,227.0,High,11.84,Phone
1127,2024-03-24 11:00:00,209.0,Medium,5.98,Chat
1128,2024-03-24 11:30:00,209.0,Low,2.85,Email
1129,2024-03-24 12:00:00,201.0,Low,9.89,Email
1130,2024-03-24 12:30:00,216.0,Medium,4.49,Email
1131,2024-03-24 13:00:00,245.0,High,16.1,Email
1132,2024-03-24 13:30:00,247.0,Low,12.61,Email
1133,2024-03-24 14:00:00,230.0,Low,3.28,Chat
1134,2024-03-24 14:30:00,,High,14.32,Email
1135,2024-03-24 15:00:00,226.0,Low,17.59,Phone
1136,2024-03-24 15:30:00,237.0,High,12.49,Chat
1137,2024-03-24 16:00:00,208.0,Low,9.25,Chat
1138,2024-03-24 16:30:00,224.0,High,7.67,Chat
1139,2024-03-24 17:00:00,249.0,Medium,35.11,Email
1140,2024-03-24 17:30:00,225.0,Medium,12.26,Chat
1141,2024-03-24 18:00:00,228.0,High,11.35,Email
1142,2024-03-24 18:30:00,,Low,8.69,Email
1143,2024-03-24 19:00:00,240.0,High,3.82,Chat
1144,2024-03-24 19:30:00,209.0,High,7.23,Chat
1145,2024-03-24 20:00:00,236.0,Medium,16.36,Email
1146,2024-03-24 20:30:00,255.0,High,13.86,Phone
1147,2024-03-24 21:00:00,212.0,High,13.72,Chat
1148,2024-03-24 21:30:00,253.0,High,12.0,Phone
1149,2024-03-24 22:00:00,235.0,High,5.12,Email
1150,2024-03-24 22:30:00,240.0,High,11.39,Chat
1151,2024-03-24 23:00:00,219.0,Low,20.85,Chat
1152,2024-03-24 23:30:00,202.0,High,10.64,Chat
1153,2024-03-25 00:00:00,201.0,High,0.78,Email
1154,2024-03-25 00:30:00,239.0,Low,5.65,Email
1155,2024-03-25 01:00:00,258.0,Medium,1.57,Email
1156,2024-03-25 01:30:00,236.0,High,4.94,Chat
1157,2024-03-25 02:00:00,,Low,40.59,Phone
1158,2024-03-25 02:30:00,246.0,Medium,7.65,Phone
1159,2024-03-25 03:00:00,256.0,Medium,5.13,Phone
1160,2024-03-25 03:30:00,212.0,High,2.15,Chat
1161,2024-03-25 04:00:00,206.0,High,8.84,Chat
1162,2024-03-25 04:30:00,257.0,Medium,25.03,Unknown
1163,2024-03-25 05:00:00,202.0,High,5.23,Chat
1164,2024-03-25 05:30:00,253.0,High,14.75,Chat
1165,2024-03-25 06:00:00,208.0,High,12.65,Chat
1166,2024-03-25 06:30:00,206.0,High,6.6,Email
1167,2024-03-25 07:00:00,216.0,High,17.83,Phone
1168,2024-03-25 07:30:00,218.0,High,7.69,Chat
1169,2024-03-25 08:00:00,219.0,Medium,5.63,Phone
1170,2024-03-25 08:30:00,,Medium,6.1,Email
1171,2024-03-25 09:00:00,251.0,Low,12.89,Chat
1172,2024-03-25 09:30:00,249.0,High,35.21,Chat
1173,2024-03-25 10:00:00,240.0,Low,20.68,Phone
1174,2024-03-25 10:30:00,254.0,High,5.89,Chat
1175,2024-03-25 11:00:00,256.0,Low,11.11,Chat
1176,2024-03-25 11:30:00,259.0,High,5.19,Phone
1177,2024-03-25 12:00:00,222.0,High,4.8,Email
1178,2024-03-25 12:30:00,236.0,High,1.6,Chat
1179,2024-03-25 13:00:00,245.0,High,13.93,Phone
1180,2024-03-25 13:30:00,239.0,High,6.65,Chat
1181,2024-03-25 14:00:00,,High,9.09,Chat
1182,2024-03-25 14:30:00,240.0,Medium,13.95,Chat
1183,2024-03-25 15:00:00,223.0,High,2.79,Unknown
1184,2024-03-25 15:30:00,234.0,Low,3.62,Chat
1185,2024-03-25 16:00:00,211.0,Low,14.84,Phone
1186,2024-03-25 16:30:00,257.0,Medium,4.15,Email
1187,2024-03-25 17:00:00,253.0,High,4.45,Chat
1188,2024-03-25 17:30:00,236.0,High,20.23,Phone
1189,2024-03-25 18:00:00,246.0,Low,10.04,Email
1190,2024-03-25 18:30:00,220.0,Medium,24.3,Phone
1191,2024-03-25 19:00:00,222.0,Low,31.65,Phone
1192,2024-03-25 19:30:00,230.0,Medium,26.91,Phone
1193,2024-03-25 20:00:00,215.0,High,2.67,Phone
1194,2024-03-25 20:30:00,201.0,Medium,12.3,Email
1195,2024-03-25 21:00:00,223.0,High,19.95,Email
1196,2024-03-25 21:30:00,243.0,Low,13.77,Phone
1197,2024-03-25 22:00:00,215.0,Low,7.69,Chat
1198,2024-03-25 22:30:00,241.0,Low,4.05,Phone
1199,2024-03-25 23:00:00,235.0,High,16.91,Chat
1200,2024-03-25 23:30:00,225.0,Low,2.64,Phone
1201,2024-03-26 00:00:00,243.0,Low,2.02,Email
1202,2024-03-26 00:30:00,251.0,High,4.72,Phone
1203,2024-03-26 01:00:00,257.0,High,10.54,Phone
1204,2024-03-26 01:30:00,245.0,Medium,24.91,Chat
1205,2024-03-26 02:00:00,205.0,Medium,8.23,Email
1206,2024-03-26 02:30:00,220.0,Medium,19.73,Email
1207,2024-03-26 03:00:00,231.0,High,4.44,Phone
1208,2024-03-26 03:30:00,204.0,High,7.09,Chat
1209,2024-03-26 04:00:00,225.0,High,7.55,Phone
1210,2024-03-26 04:30:00,207.0,High,5.72,Unknown
1211,2024-03-26 05:00:00,233.0,High,22.39,Email
1212,2024-03-26 05:30:00,211.0,High,2.51,Email
1213,2024-03-26 06:00:00,216.0,High,22.06,Email
1214,2024-03-26 06:30:00,218.0,High,12.67,Chat
1215,2024-03-26 07:00:00,258.0,High,16.68,Phone
1216,2024-03-26 07:30:00,226.0,High,5.26,Phone
1217,2024-03-26 08:00:00,233.0,Medium,16.3,Chat
1218,2024-03-26 08:30:00,255.0,Low,1.74,Email
1219,2024-03-26 09:00:00,,Medium,9.22,Email
1220,2024-03-26 09:30:00,216.0,Medium,13.0,Email
1221,2024-03-26 10:00:00,225.0,Low,5.49,Email
1222,2024-03-26 10:30:00,253.0,High,2.66,Email
1223,2024-03-26 11:00:00,243.0,High,4.72,Email
1224,2024-03-26 11:30:00,240.0,Medium,7.71,Chat
1225,2024-03-26 12:00:00,222.0,High,6.96,Email
1226,2024-03-26 12:30:00,251.0,High,1.1,Chat
1227,2024-03-26 13:00:00,211.0,Medium,16.04,Email
1228,2024-03-26 13:30:00,224.0,Low,2.93,Phone
1229,2024-03-26 14:00:00,221.0,Low,12.33,Email
1230,2024-03-26 14:30:00,,Low,5.35,Email
1231,2024-03-26 15:00:00,205.0,Low,1.88,Email
1232,2024-03-26 15:30:00,247.0,High,18.03,Email
1233,2024-03-26 16:00:00,256.0,High,8.38,Email
1234,2024-03-26 16:30:00,214.0,Medium,13.38,Chat
1235,2024-03-26 17:00:00,204.0,High,13.71,Email
1236,2024-03-26 17:30:00,208.0,High,12.51,Chat
1237,2024-03-26 18:00:00,203.0,Medium,5.17,Email
1238,2024-03-26 18:30:00,247.0,High,13.93,Phone
1239,2024-03-26 19:00:00,202.0,High,18.8,Phone
1240,2024-03-26 19:30:00,241.0,Low,5.53,Chat
1241,2024-03-26 20:00:00,247.0,High,3.76,Phone
1242,2024-03-26 20:30:00,212.0,High,5.97,Email
1243,2024-03-26 21:00:00,213.0,Medium,20.61,Email
1244,2024-03-26 21:30:00,216.0,Medium,9.25,Phone
1245,2024-03-26 22:00:00,245.0,High,25.65,Chat
1246,2024-03-26 22:30:00,256.0,Low,7.07,Phone
1247,2024-03-26 23:00:00,245.0,High,10.13,Phone
1248,2024-03-26 23:30:00,216.0,Low,26.36,Phone
1249,2024-03-27 00:00:00,242.0,High,29.33,Chat
1250,2024-03-27 00:30:00,,High,16.71,Chat
1251,2024-03-27 01:00:00,225.0,High,3.57,Email
1252,2024-03-27 01:30:00,207.0,Medium,10.2,Phone
1253,2024-03-27 02:00:00,218.0,High,9.58,Chat
1254,2024-03-27 02:30:00,248.0,High,3.89,Email
1255,2024-03-27 03:00:00,230.0,High,23.0,Phone
1256,2024-03-27 03:30:00,207.0,Low,13.5,Email
1257,2024-03-27 04:00:00,254.0,High,4.65,Phone
1258,2024-03-27 04:30:00,230.0,Low,3.45,Email
1259,2024-03-27 05:00:00,220.0,High,11.78,Email
1260,2024-03-27 05:30:00,202.0,Low,1.8,Phone
1261,2024-03-27 06:00:00,234.0,High,19.3,Phone
1262,2024-03-27 06:30:00,233.0,High,6.83,Chat
1263,2024-03-27 07:00:00,209.0,High,3.05,Phone
1264,2024-03-27 07:30:00,250.0,High,14.93,Email
1265,2024-03-27 08:00:00,230.0,Low,4.69,Email
1266,2024-03-27 08:30:00,205.0,Medium,8.97,Unknown
1267,2024-03-27 09:00:00,211.0,Low,11.35,Phone
1268,2024-03-27 09:30:00,216.0,High,4.26,Chat
1269,2024-03-27 10:00:00,244.0,Medium,13.5,Email
1270,2024-03-27 10:30:00,245.0,High,23.92,Phone
1271,2024-03-27 11:00:00,249.0,High,20.52,Email
1272,2024-03-27 11:30:00,236.0,Low,9.49,Chat
1273,2024-03-27 12:00:00,254.0,Low,17.42,Phone
1274,2024-03-27 12:30:00,218.0,Low,3.74,Email
1275,2024-03-27 13:00:00,234.0,Medium,8.72,Email
1276,2024-03-27 13:30:00,237.0,High,21.21,Chat
1277,2024-03-27 14:00:00,222.0,Medium,3.91,Chat
1278,2024-03-27 14:30:00,227.0,Medium,11.57,Email
1279,2024-03-27 15:00:00,242.0,High,17.83,Phone
1280,2024-03-27 15:30:00,251.0,High,11.03,Phone
1281,2024-03-27 16:00:00,255.0,Medium,30.74,Email
1282,2024-03-27 16:30:00,217.0,Medium,7.3,Chat
1283,2024-03-27 17:00:00,243.0,Low,6.44,Phone
1284,2024-03-27 17:30:00,245.0,Low,2.59,Chat
1285,2024-03-27 18:00:00,256.0,High,11.96,Phone
1286,2024-03-27 18:30:00,238.0,Low,11.07,Email
1287,2024-03-27 19:00:00,212.0,High,4.96,Phone
1288,2024-03-27 19:30:00,244.0,Low,13.41,Phone
1289,2024-03-27 20:00:00,,High,27.99,Phone
1290,2024-03-27 20:30:00,222.0,Medium,6.54,Phone
1291,2024-03-27 21:00:00,229.0,Low,24.31,Chat
1292,2024-03-27 21:30:00,243.0,Medium,16.84,Chat
1293,2024-03-27 22:00:00,210.0,High,8.76,Phone
1294,2024-03-27 22:30:00,241.0,Medium,0.91,Phone
1295,2024-03-27 23:00:00,208.0,High,9.03,Chat
1296,2024-03-27 23:30:00,223.0,High,5.06,Email
1297,2024-03-28 00:00:00,207.0,High,12.73,Email
1298,2024-03-28 00:30:00,201.0,Medium,6.41,Chat
1299,2024-03-28 01:00:00,219.0,High,8.46,Phone
1300,2024-03-28 01:30:00,257.0,Low,5.35,Phone
1301,2024-03-28 02:00:00,233.0,Low,6.21,Unknown
1302,2024-03-28 02:30:00,242.0,Medium,13.52,Chat
1303,2024-03-28 03:00:00,213.0,High,1.56,Unknown
1304,2024-03-28 03:30:00,212.0,High,21.96,Chat
1305,2024-03-28 04:00:00,254.0,Low,15.37,Email
1306,2024-03-28 04:30:00,243.0,Low,1.38,Phone
1307,2024-03-28 05:00:00,229.0,High,12.43,Email
1308,2024-03-28 05:30:00,216.0,High,7.27,Chat
1309,2024-03-28 06:00:00,251.0,High,5.98,Phone
1310,2024-03-28 06:30:00,228.0,Medium,8.35,Chat
1311,2024-03-28 07:00:00,203.0,High,8.76,Phone
1312,2024-03-28 07:30:00,,High,4.75,Chat
1313,2024-03-28 08:00:00,225.0,Low,6.57,Chat
1314,2024-03-28 08:30:00,226.0,Medium,20.63,Email
1315,2024-03-28 09:00:00,222.0,High,2.15,Chat
1316,2024-03-28 09:30:00,217.0,Medium,18.48,Chat
1317,2024-03-28 10:00:00,236.0,High,4.9,Chat
1318,2024-03-28 10:30:00,218.0,High,14.15,Chat
1319,2024-03-28 11:00:00,230.0,High,2.69,Chat
1320,2024-03-28 11:30:00,204.0,High,4.82,Chat
1321,2024-03-28 12:00:00,,High,8.05,Chat
1322,2024-03-28 12:30:00,213.0,Medium,0.97,Phone
1323,2024-03-28 13:00:00,236.0,Medium,2.78,Email
1324,2024-03-28 13:30:00,216.0,Low,26.97,Chat
1325,2024-03-28 14:00:00,211.0,High,17.35,Email
1326,2024-03-28 14:30:00,210.0,Low,19.06,Phone
1327,2024-03-28 15:00:00,242.0,Medium,15.25,Chat
1328,2024-03-28 15:30:00,203.0,High,6.04,Phone
1329,2024-03-28 16:00:00,247.0,High,30.33,Chat
1330,2024-03-28 16:30:00,227.0,Medium,38.74,Phone
1331,2024-03-28 17:00:00,227.0,High,3.41,Phone
1332,2024-03-28 17:30:00,212.0,Low,9.66,Phone
1333,2024-03-28 18:00:00,221.0,High,8.85,Email
1334,2024-03-28 18:30:00,244.0,High,9.37,Unknown
1335,2024-03-28 19:00:00,,High,18.85,Email
1336,2024-03-28 19:30:00,255.0,High,9.89,Phone
1337,2024-03-28 20:00:00,237.0,Medium,10.87,Chat
1338,2024-03-28 20:30:00,216.0,High,9.92,Chat
1339,2024-03-28 21:00:00,204.0,High,2.9,Email
1340,2024-03-28 21:30:00,234.0,Low,29.99,Email
1341,2024-03-28 22:00:00,233.0,High,2.56,Email
1342,2024-03-28 22:30:00,230.0,Medium,7.59,Chat
1343,2024-03-28 23:00:00,231.0,Medium,8.32,Chat
1344,2024-03-28 23:30:00,204.0,Medium,13.11,Email
1345,2024-03-29 00:00:00,223.0,Medium,15.41,Email
1346,2024-03-29 00:30:00,207.0,Low,1.19,Email
1347,2024-03-29 01:00:00,251.0,High,11.33,Chat
1348,2024-03-29 01:30:00,253.0,High,3.96,Phone
1349,2024-03-29 02:00:00,249.0,Medium,13.92,Phone
1350,2024-03-29 02:30:00,228.0,Medium,11.95,Chat
1351,2024-03-29 03:00:00,248.0,Medium,0.69,Phone
1352,2024-03-29 03:30:00,248.0,Low,2.84,Email
1353,2024-03-29 04:00:00,220.0,High,9.15,Email
1354,2024-03-29 04:30:00,203.0,High,15.63,Chat
1355,2024-03-29 05:00:00,250.0,High,17.64,Email
1356,2024-03-29 05:30:00,235.0,High,13.24,Chat
1357,2024-03-29 06:00:00,226.0,Low,5.86,Email
1358,2024-03-29 06:30:00,251.0,High,12.1,Chat
1359,2024-03-29 07:00:00,257.0,High,9.32,Phone
1360,2024-03-29 07:30:00,252.0,Medium,6.27,Phone
1361,2024-03-29 08:00:00,200.0,High,20.4,Email
1362,2024-03-29 08:30:00,,Low,10.89,Email
1363,2024-03-29 09:00:00,229.0,Medium,10.75,Email
1364,2024-03-29 09:30:00,231.0,High,17.46,Unknown
1365,2024-03-29 10:00:00,214.0,High,6.42,Chat
1366,2024-03-29 10:30:00,222.0,High,9.21,Email
1367,2024-03-29 11:00:00,233.0,Low,3.17,Phone
1368,2024-03-29 11:30:00,,High,4.43,Email
1369,2024-03-29 12:00:00,,Low,2.52,Email
1370,2024-03-29 12:30:00,204.0,High,3.39,Chat
1371,2024-03-29 13:00:00,222.0,High,3.91,Email
1372,2024-03-29 13:30:00,215.0,High,8.77,Chat
1373,2024-03-29 14:00:00,217.0,Medium,14.35,Chat
1374,2024-03-29 14:30:00,248.0,Medium,6.05,Email
1375,2024-03-29 15:00:00,225.0,High,10.57,Chat
1376,2024-03-29 15:30:00,228.0,High,37.81,Phone
1377,2024-03-29 16:00:00,258.0,High,5.57,Email
1378,2024-03-29 16:30:00,,Low,7.71,Email
1379,2024-03-29 17:00:00,245.0,High,6.92,Chat
1380,2024-03-29 17:30:00,258.0,High,28.87,Chat
1381,2024-03-29 18:00:00,258.0,High,11.59,Email
1382,2024-03-29 18:30:00,219.0,Low,2.29,Phone
1383,2024-03-29 19:00:00,224.0,Medium,12.7,Email
1384,2024-03-29 19:30:00,202.0,Low,4.42,Chat
1385,2024-03-29 20:00:00,244.0,High,9.0,Email
1386,2024-03-29 20:30:00,223.0,Low,16.19,Phone
1387,2024-03-29 21:00:00,200.0,High,11.22,Chat
1388,2024-03-29 21:30:00,209.0,Medium,3.84,Phone
1389,2024-03-29 22:00:00,210.0,Medium,2.04,Email
1390,2024-03-29 22:30:00,204.0,Medium,5.66,Phone
1391,2024-03-29 23:00:00,204.0,Medium,12.13,Chat
1392,2024-03-29 23:30:00,234.0,High,5.57,Email
1393,2024-03-30 00:00:00,214.0,Medium,5.58,Email
1394,2024-03-30 00:30:00,257.0,Low,9.72,Phone
1395,2024-03-30 01:00:00,234.0,Low,19.04,Chat
1396,2024-03-30 01:30:00,234.0,Low,0.47,Email
1397,2024-03-30 02:00:00,231.0,High,3.66,Email
1398,2024-03-30 02:30:00,238.0,High,2.67,Email
1399,2024-03-30 03:00:00,246.0,High,6.52,Chat
1400,2024-03-30 03:30:00,219.0,High,17.74,Email
1401,2024-03-30 04:00:00,236.0,High,14.16,Email
1402,2024-03-30 04:30:00,234.0,High,10.7,Phone
1403,2024-03-30 05:00:00,241.0,High,15.32,Email
1404,2024-03-30 05:30:00,245.0,High,8.84,Chat
1405,2024-03-30 06:00:00,245.0,Medium,10.51,Phone
1406,2024-03-30 06:30:00,235.0,High,29.55,Phone
1407,2024-03-30 07:00:00,204.0,Medium,16.74,Chat
1408,2024-03-30 07:30:00,248.0,High,22.29,Chat
1409,2024-03-30 08:00:00,258.0,Low,35.05,Phone
1410,2024-03-30 08:30:00,233.0,High,3.1,Chat
1411,2024-03-30 09:00:00,226.0,Low,10.53,Phone
1412,2024-03-30 09:30:00,211.0,Low,3.1,Chat
1413,2024-03-30 10:00:00,227.0,Low,23.8,Email
1414,2024-03-30 10:30:00,234.0,Low,8.47,Email
1415,2024-03-30 11:00:00,246.0,High,37.12,Chat
1416,2024-03-30 11:30:00,229.0,High,23.49,Chat
1417,2024-03-30 12:00:00,210.0,Low,4.86,Chat
1418,2024-03-30 12:30:00,209.0,Low,15.29,Chat
1419,2024-03-30 13:00:00,232.0,Medium,15.46,Chat
1420,2024-03-30 13:30:00,237.0,High,5.81,Email
1421,2024-03-30 14:00:00,252.0,High,11.95,Chat
1422,2024-03-30 14:30:00,249.0,Medium,5.97,Email
1423,2024-03-30 15:00:00,234.0,High,7.84,Chat
1424,2024-03-30 15:30:00,208.0,Medium,9.44,Email
1425,2024-03-30 16:00:00,249.0,Low,10.33,Unknown
1426,2024-03-30 16:30:00,232.0,High,3.83,Email
1427,2024-03-30 17:00:00,250.0,Medium,32.95,Unknown
1428,2024-03-30 17:30:00,244.0,High,2.64,Phone
1429,2024-03-30 18:00:00,218.0,Medium,11.49,Chat
1430,2024-03-30 18:30:00,224.0,Medium,5.9,Chat
1431,2024-03-30 19:00:00,224.0,High,24.46,Email
1432,2024-03-30 19:30:00,216.0,Medium,6.94,Email
1433,2024-03-30 20:00:00,246.0,Low,6.92,Chat
1434,2024-03-30 20:30:00,222.0,High,31.74,Email
1435,2024-03-30 21:00:00,241.0,Low,6.65,Email
1436,2024-03-30 21:30:00,232.0,High,9.72,Email
1437,2024-03-30 22:00:00,,High,5.09,Chat
1438,2024-03-30 22:30:00,241.0,Medium,14.52,Chat
1439,2024-03-30 23:00:00,210.0,Low,11.75,Unknown
1440,2024-03-30 23:30:00,233.0,High,3.82,Email
1441,2024-03-31 00:00:00,208.0,Medium,12.33,Phone
1442,2024-03-31 00:30:00,206.0,High,6.42,Chat
1443,2024-03-31 01:00:00,249.0,High,13.62,Email
1444,2024-03-31 01:30:00,,High,3.54,Chat
1445,2024-03-31 02:00:00,240.0,High,18.28,Unknown
1446,2024-03-31 02:30:00,255.0,High,20.08,Phone
1447,2024-03-31 03:00:00,236.0,High,4.57,Chat
1448,2024-03-31 03:30:00,206.0,High,9.43,Phone
1449,2024-03-31 04:00:00,223.0,Low,15.68,Unknown
1450,2024-03-31 04:30:00,214.0,High,2.7,Chat
1451,2024-03-31 05:00:00,243.0,Medium,10.62,Email
1452,2024-03-31 05:30:00,210.0,High,12.48,Email
1453,2024-03-31 06:00:00,236.0,Low,3.18,Chat
1454,2024-03-31 06:30:00,250.0,High,4.78,Email
1455,2024-03-31 07:00:00,210.0,High,23.74,Phone
1456,2024-03-31 07:30:00,254.0,Low,13.1,Unknown
1457,2024-03-31 08:00:00,242.0,High,7.71,Chat
1458,2024-03-31 08:30:00,202.0,Medium,3.77,Chat
1459,2024-03-31 09:00:00,232.0,High,15.58,Email
1460,2024-03-31 09:30:00,219.0,High,6.06,Phone
1461,2024-03-31 10:00:00,241.0,High,39.64,Chat
1462,2024-03-31 10:30:00,211.0,Low,12.7,Phone
1463,2024-03-31 11:00:00,229.0,High,20.93,Chat
1464,2024-03-31 11:30:00,228.0,High,11.68,Phone
1465,2024-03-31 12:00:00,229.0,Low,27.45,Email
1466,2024-03-31 12:30:00,255.0,High,13.0,Unknown
1467,2024-03-31 13:00:00,256.0,High,4.39,Chat
1468,2024-03-31 13:30:00,204.0,High,11.97,Email
1469,2024-03-31 14:00:00,247.0,High,7.73,Chat
1470,2024-03-31 14:30:00,210.0,Medium,11.53,Email
1471,2024-03-31 15:00:00,209.0,High,8.33,Chat
1472,2024-03-31 15:30:00,229.0,Medium,9.65,Phone
1473,2024-03-31 16:00:00,258.0,Medium,6.15,Chat
1474,2024-03-31 16:30:00,231.0,High,7.3,Email
1475,2024-03-31 17:00:00,235.0,High,11.8,Chat
1476,2024-03-31 17:30:00,244.0,Medium,8.13,Chat
1477,2024-03-31 18:00:00,228.0,Low,20.47,Chat
1478,2024-03-31 18:30:00,226.0,High,17.74,Chat
1479,2024-03-31 19:00:00,241.0,Low,7.26,Phone
1480,2024-03-31 19:30:00,208.0,Medium,3.34,Phone
1481,2024-03-31 20:00:00,252.0,Low,24.09,Email
1482,2024-03-31 20:30:00,221.0,Medium,7.17,Phone
1483,2024-03-31 21:00:00,235.0,High,3.22,Chat
1484,2024-03-31 21:30:00,258.0,Medium,5.21,Chat
1485,2024-03-31 22:00:00,245.0,Low,7.94,Chat
1486,2024-03-31 22:30:00,245.0,Low,24.74,Phone
1487,2024-03-31 23:00:00,248.0,Low,17.93,Email
1488,2024-03-31 23:30:00,206.0,Medium,10.89,Phone
1489,2024-04-01 00:00:00,226.0,Low,2.88,Chat
1490,2024-04-01 00:30:00,248.0,Low,7.52,Chat
1491,2024-04-01 01:00:00,215.0,Medium,6.0,Chat
1492,2024-04-01 01:30:00,218.0,High,26.68,Chat
1493,2024-04-01 02:00:00,252.0,Medium,8.75,Phone
1494,2024-04-01 02:30:00,246.0,High,43.69,Chat
1495,2024-04-01 03:00:00,215.0,High,14.54,Phone
1496,2024-04-01 03:30:00,200.0,Low,5.35,Chat
1497,2024-04-01 04:00:00,228.0,Medium,11.42,Chat
1498,2024-04-01 04:30:00,,Low,4.65,Phone
1499,2024-04-01 05:00:00,232.0,Low,14.14,Email
1500,2024-04-01 05:30:00,209.0,Low,0.96,Phone
1501,2024-04-01 06:00:00,228.0,Medium,22.69,Chat
1502,2024-04-01 06:30:00,227.0,High,11.67,Email
1503,2024-04-01 07:00:00,236.0,High,17.4,Chat
1504,2024-04-01 07:30:00,239.0,Low,3.08,Email
1505,2024-04-01 08:00:00,214.0,Medium,40.37,Chat
1506,2024-04-01 08:30:00,230.0,High,3.04,Chat
1507,2024-04-01 09:00:00,229.0,High,11.58,Unknown
1508,2024-04-01 09:30:00,209.0,Medium,3.02,Chat
1509,2024-04-01 10:00:00,229.0,Medium,7.59,Chat
1510,2024-04-01 10:30:00,208.0,Low,12.69,Chat
1511,2024-04-01 11:00:00,211.0,High,2.31,Chat
1512,2024-04-01 11:30:00,217.0,Low,8.82,Email
1513,2024-04-01 12:00:00,258.0,Low,13.78,Chat
1514,2024-04-01 12:30:00,203.0,High,3.95,Email
1515,2024-04-01 13:00:00,251.0,Low,18.73,Email
1516,2024-04-01 13:30:00,212.0,Low,8.5,Email
1517,2024-04-01 14:00:00,256.0,Medium,3.23,Email
1518,2024-04-01 14:30:00,207.0,High,5.53,Email
1519,2024-04-01 15:00:00,,Medium,4.58,Email
1520,2024-04-01 15:30:00,227.0,High,9.37,Chat
1521,2024-04-01 16:00:00,,Low,15.58,Chat
1522,2024-04-01 16:30:00,221.0,Low,9.76,Email
1523,2024-04-01 17:00:00,,Low,12.32,Unknown
1524,2024-04-01 17:30:00,235.0,Low,9.63,Phone
1525,2024-04-01 18:00:00,244.0,High,14.72,Chat
1526,2024-04-01 18:30:00,216.0,High,10.14,Chat
1527,2024-04-01 19:00:00,222.0,Medium,2.05,Phone
1528,2024-04-01 19:30:00,202.0,High,10.97,Email
1529,2024-04-01 20:00:00,215.0,Medium,8.47,Phone
1530,2024-04-01 20:30:00,219.0,Medium,26.12,Chat
1531,2024-04-01 21:00:00,248.0,Low,20.1,Email
1532,2024-04-01 21:30:00,245.0,Medium,2.82,Email
1533,2024-04-01 22:00:00,246.0,Medium,6.17,Phone
1534,2024-04-01 22:30:00,215.0,Medium,1.44,Chat
1535,2024-04-01 23:00:00,212.0,High,13.21,Phone
1536,2024-04-01 23:30:00,224.0,High,11.96,Unknown
1537,2024-04-02 00:00:00,225.0,Low,7.57,Phone
1538,2024-04-02 00:30:00,245.0,High,2.18,Chat
1539,2024-04-02 01:00:00,251.0,Low,13.45,Chat
1540,2024-04-02 01:30:00,224.0,High,4.33,Chat
1541,2024-04-02 02:00:00,212.0,Medium,15.61,Email
1542,2024-04-02 02:30:00,253.0,High,4.53,Phone
1543,2024-04-02 03:00:00,232.0,High,35.7,Phone
1544,2024-04-02 03:30:00,255.0,High,25.36,Email
1545,2024-04-02 04:00:00,223.0,High,25.1,Email
1546,2024-04-02 04:30:00,218.0,Medium,1.39,Chat
1547,2024-04-02 05:00:00,203.0,High,19.91,Unknown
1548,2024-04-02 05:30:00,244.0,High,21.77,Chat
1549,2024-04-02 06:00:00,229.0,High,5.18,Phone
1550,2024-04-02 06:30:00,215.0,Medium,9.52,Email
1551,2024-04-02 07:00:00,226.0,High,6.6,Chat
1552,2024-04-02 07:30:00,208.0,High,17.91,Email
1553,2024-04-02 08:00:00,258.0,High,38.94,Phone
1554,2024-04-02 08:30:00,226.0,Low,3.46,Email
1555,2024-04-02 09:00:00,218.0,High,2.89,Email
1556,2024-04-02 09:30:00,236.0,Medium,14.46,Chat
1557,2024-04-02 10:00:00,247.0,Low,3.85,Phone
1558,2024-04-02 10:30:00,256.0,High,17.08,Phone
1559,2024-04-02 11:00:00,240.0,High,7.34,Email
1560,2024-04-02 11:30:00,208.0,Medium,13.75,Phone
1561,2024-04-02 12:00:00,225.0,High,18.73,Email
1562,2024-04-02 12:30:00,242.0,High,11.48,Chat
1563,2024-04-02 13:00:00,249.0,Medium,19.66,Phone
1564,2024-04-02 13:30:00,228.0,High,3.85,Email
1565,2024-04-02 14:00:00,251.0,Low,3.37,Email
1566,2024-04-02 14:30:00,207.0,High,11.39,Chat
1567,2024-04-02 15:00:00,220.0,High,3.56,Email
1568,2024-04-02 15:30:00,258.0,Low,9.6,Chat
1569,2024-04-02 16:00:00,211.0,Medium,14.63,Chat
1570,2024-04-02 16:30:00,241.0,High,9.72,Chat
1571,2024-04-02 17:00:00,212.0,High,13.36,Email
1572,2024-04-02 17:30:00,207.0,High,12.28,Phone
1573,2024-04-02 18:00:00,209.0,High,0.46,Chat
1574,2024-04-02 18:30:00,254.0,Medium,8.15,Email
1575,2024-04-02 19:00:00,258.0,Low,6.56,Chat
1576,2024-04-02 19:30:00,206.0,High,25.04,Email
1577,2024-04-02 20:00:00,242.0,Low,23.46,Email
1578,2024-04-02 20:30:00,205.0,Medium,6.16,Phone
1579,2024-04-02 21:00:00,249.0,High,18.99,Email
1580,2024-04-02 21:30:00,219.0,Low,8.04,Phone
1581,2024-04-02 22:00:00,202.0,High,15.78,Email
1582,2024-04-02 22:30:00,256.0,Low,2.89,Chat
1583,2024-04-02 23:00:00,255.0,Low,16.27,Email
1584,2024-04-02 23:30:00,201.0,Low,16.92,Unknown
1585,2024-04-03 00:00:00,223.0,Medium,2.34,Unknown
1586,2024-04-03 00:30:00,,High,13.88,Chat
1587,2024-04-03 01:00:00,221.0,Medium,24.67,Email
1588,2024-04-03 01:30:00,236.0,High,9.28,Chat
1589,2024-04-03 02:00:00,252.0,Low,22.18,Chat
1590,2024-04-03 02:30:00,204.0,Low,4.29,Email
1591,2024-04-03 03:00:00,229.0,Low,3.79,Chat
1592,2024-04-03 03:30:00,234.0,Low,2.81,Phone
1593,2024-04-03 04:00:00,255.0,Medium,18.65,Email
1594,2024-04-03 04:30:00,,High,0.84,Email
1595,2024-04-03 05:00:00,250.0,High,16.56,Unknown
1596,2024-04-03 05:30:00,233.0,Medium,8.07,Phone
1597,2024-04-03 06:00:00,225.0,Medium,18.12,Email
1598,2024-04-03 06:30:00,244.0,Medium,11.98,Email
1599,2024-04-03 07:00:00,250.0,High,9.8,Chat
1600,2024-04-03 07:30:00,240.0,High,16.34,Phone
1601,2024-04-03 08:00:00,237.0,Low,19.8,Unknown
1602,2024-04-03 08:30:00,259.0,High,21.88,Email
1603,2024-04-03 09:00:00,236.0,Medium,20.96,Chat
1604,2024-04-03 09:30:00,209.0,High,17.71,Chat
1605,2024-04-03 10:00:00,255.0,Medium,6.15,Phone
1606,2024-04-03 10:30:00,248.0,High,8.53,Chat
1607,2024-04-03 11:00:00,222.0,Medium,1.94,Email
1608,2024-04-03 11:30:00,224.0,Low,8.0,Email
1609,2024-04-03 12:00:00,239.0,Low,8.36,Chat
1610,2024-04-03 12:30:00,246.0,Low,24.52,Email
1611,2024-04-03 13:00:00,242.0,High,31.91,Chat
1612,2024-04-03 13:30:00,253.0,High,3.34,Chat
1613,2024-04-03 14:00:00,204.0,Low,1.81,Chat
1614,2024-04-03 14:30:00,259.0,High,5.36,Chat
1615,2024-04-03 15:00:00,229.0,Medium,11.78,Email
1616,2024-04-03 15:30:00,215.0,Low,31.52,Chat
1617,2024-04-03 16:00:00,212.0,High,2.9,Email
1618,2024-04-03 16:30:00,227.0,High,2.74,Chat
1619,2024-04-03 17:00:00,218.0,Low,3.05,Email
1620,2024-04-03 17:30:00,256.0,Medium,23.32,Chat
1621,2024-04-03 18:00:00,229.0,High,5.65,Phone
1622,2024-04-03 18:30:00,256.0,Medium,7.56,Phone
1623,2024-04-03 19:00:00,240.0,Medium,3.28,Phone
1624,2024-04-03 19:30:00,222.0,Medium,14.75,Chat
1625,2024-04-03 20:00:00,224.0,Medium,7.22,Chat
1626,2024-04-03 20:30:00,256.0,Medium,9.72,Phone
1627,2024-04-03 21:00:00,,Low,5.29,Email
1628,2024-04-03 21:30:00,224.0,Low,5.91,Email
1629,2024-04-03 22:00:00,244.0,Low,22.31,Phone
1630,2024-04-03 22:30:00,222.0,Low,6.03,Phone
1631,2024-04-03 23:00:00,213.0,Medium,15.86,Chat
1632,2024-04-03 23:30:00,245.0,High,6.74,Email
1633,2024-04-04 00:00:00,205.0,Low,3.5,Unknown
1634,2024-04-04 00:30:00,228.0,Medium,12.48,Email
1635,2024-04-04 01:00:00,224.0,High,4.29,Email
1636,2024-04-04 01:30:00,226.0,High,10.23,Phone
1637,2024-04-04 02:00:00,212.0,Medium,20.17,Phone
1638,2024-04-04 02:30:00,223.0,High,7.78,Phone
1639,2024-04-04 03:00:00,207.0,High,5.39,Phone
1640,2024-04-04 03:30:00,225.0,High,20.86,Unknown
1641,2024-04-04 04:00:00,244.0,High,8.75,Chat
1642,2024-04-04 04:30:00,208.0,Medium,5.18,Email
1643,2024-04-04 05:00:00,209.0,Low,9.69,Chat
1644,2024-04-04 05:30:00,203.0,High,16.3,Chat
1645,2024-04-04 06:00:00,249.0,Low,15.16,Email
1646,2024-04-04 06:30:00,245.0,Medium,12.84,Chat
1647,2024-04-04 07:00:00,202.0,Low,14.31,Phone
1648,2024-04-04 07:30:00,233.0,High,9.26,Chat
1649,2024-04-04 08:00:00,228.0,Low,3.19,Email
1650,2024-04-04 08:30:00,240.0,High,9.77,Email
1651,2024-04-04 09:00:00,222.0,High,1.5,Phone
1652,2024-04-04 09:30:00,248.0,Medium,13.64,Chat
1653,2024-04-04 10:00:00,230.0,Low,3.81,Email
1654,2024-04-04 10:30:00,213.0,Medium,3.01,Phone
1655,2024-04-04 11:00:00,230.0,High,26.61,Email
1656,2024-04-04 11:30:00,214.0,High,11.37,Email
1657,2024-04-04 12:00:00,230.0,Medium,11.11,Email
1658,2024-04-04 12:30:00,216.0,Low,7.26,Phone
1659,2024-04-04 13:00:00,225.0,Low,10.33,Chat
1660,2024-04-04 13:30:00,218.0,High,5.28,Chat
1661,2024-04-04 14:00:00,231.0,Low,6.29,Phone
1662,2024-04-04 14:30:00,245.0,Low,9.76,Unknown
1663,2024-04-04 15:00:00,241.0,Medium,9.81,Phone
1664,2024-04-04 15:30:00,222.0,Low,0.23,Chat
1665,2024-04-04 16:00:00,229.0,Medium,23.87,Chat
1666,2024-04-04 16:30:00,219.0,High,5.26,Email
1667,2024-04-04 17:00:00,218.0,Low,18.03,Email
1668,2024-04-04 17:30:00,238.0,High,21.93,Chat
1669,2024-04-04 18:00:00,246.0,Low,12.6,Email
1670,2024-04-04 18:30:00,211.0,High,6.49,Chat
1671,2024-04-04 19:00:00,215.0,Medium,14.54,Email
1672,2024-04-04 19:30:00,206.0,Medium,6.73,Phone
1673,2024-04-04 20:00:00,259.0,High,3.55,Chat
1674,2024-04-04 20:30:00,241.0,Low,0.31,Email
1675,2024-04-04 21:00:00,209.0,High,15.65,Chat
1676,2024-04-04 21:30:00,245.0,High,10.56,Chat
1677,2024-04-04 22:00:00,218.0,High,25.48,Phone
1678,2024-04-04 22:30:00,217.0,Medium,9.07,Unknown
1679,2024-04-04 23:00:00,229.0,Low,11.82,Chat
1680,2024-04-04 23:30:00,238.0,Medium,10.88,Email
1681,2024-04-05 00:00:00,239.0,Low,7.53,Email
1682,2024-04-05 00:30:00,202.0,High,13.98,Chat
1683,2024-04-05 01:00:00,244.0,Low,14.37,Email
1684,2024-04-05 01:30:00,224.0,High,14.36,Chat
1685,2024-04-05 02:00:00,254.0,Medium,4.18,Chat
1686,2024-04-05 02:30:00,234.0,High,7.74,Chat
1687,2024-04-05 03:00:00,,Medium,31.7,Email
1688,2024-04-05 03:30:00,215.0,High,11.1,Email
1689,2024-04-05 04:00:00,239.0,High,5.44,Email
1690,2024-04-05 04:30:00,220.0,High,2.24,Chat
1691,2024-04-05 05:00:00,251.0,High,22.94,Chat
1692,2024-04-05 05:30:00,236.0,High,19.9,Chat
1693,2024-04-05 06:00:00,245.0,Medium,12.87,Chat
1694,2024-04-05 06:30:00,235.0,High,6.73,Chat
1695,2024-04-05 07:00:00,245.0,Low,15.43,Unknown
1696,2024-04-05 07:30:00,209.0,High,20.93,Chat
1697,2024-04-05 08:00:00,213.0,Low,10.79,Email
1698,2024-04-05 08:30:00,242.0,High,9.84,Phone
1699,2024-04-05 09:00:00,211.0,High,6.97,Email
1700,2024-04-05 09:30:00,204.0,High,9.63,Chat
1701,2024-04-05 10:00:00,233.0,Low,4.37,Chat
1702,2024-04-05 10:30:00,258.0,Low,11.88,Email
1703,2024-04-05 11:00:00,218.0,Low,4.42,Email
1704,2024-04-05 11:30:00,212.0,Medium,5.5,Email
1705,2024-04-05 12:00:00,243.0,Low,3.36,Chat
1706,2024-04-05 12:30:00,215.0,High,2.45,Phone
1707,2024-04-05 13:00:00,246.0,High,10.38,Phone
1708,2024-04-05 13:30:00,212.0,Medium,29.94,Chat
1709,2024-04-05 14:00:00,211.0,Medium,1.11,Chat
1710,2024-04-05 14:30:00,259.0,High,9.28,Email
1711,2024-04-05 15:00:00,235.0,High,1.85,Email
1712,2024-04-05 15:30:00,217.0,Low,9.04,Phone
1713,2024-04-05 16:00:00,227.0,High,1.91,Chat
1714,2024-04-05 16:30:00,236.0,Low,8.8,Email
1715,2024-04-05 17:00:00,202.0,Medium,6.59,Phone
1716,2024-04-05 17:30:00,259.0,Medium,10.21,Email
1717,2024-04-05 18:00:00,228.0,Medium,12.57,Phone
1718,2024-04-05 18:30:00,257.0,Low,8.37,Chat
1719,2024-04-05 19:00:00,247.0,High,9.02,Chat
1720,2024-04-05 19:30:00,202.0,Medium,4.58,Email
1721,2024-04-05 20:00:00,248.0,High,5.7,Email
1722,2024-04-05 20:30:00,231.0,Low,7.45,Email
1723,2024-04-05 21:00:00,252.0,High,8.82,Email
1724,2024-04-05 21:30:00,,High,11.6,Chat
1725,2024-04-05 22:00:00,216.0,High,12.91,Chat
1726,2024-04-05 22:30:00,242.0,Medium,2.63,Email
1727,2024-04-05 23:00:00,217.0,High,19.02,Chat
1728,2024-04-05 23:30:00,220.0,Medium,12.63,Phone
1729,2024-04-06 00:00:00,235.0,High,9.06,Phone
1730,2024-04-06 00:30:00,219.0,High,9.35,Email
1731,2024-04-06 01:00:00,256.0,Medium,4.03,Email
1732,2024-04-06 01:30:00,200.0,High,13.93,Chat
1733,2024-04-06 02:00:00,223.0,High,0.51,Chat
1734,2024-04-06 02:30:00,,Low,0.66,Email
1735,2024-04-06 03:00:00,243.0,Low,15.38,Email
1736,2024-04-06 03:30:00,233.0,Low,5.31,Chat
1737,2024-04-06 04:00:00,208.0,Low,7.85,Chat
1738,2024-04-06 04:30:00,204.0,High,4.82,Chat
1739,2024-04-06 05:00:00,244.0,High,15.07,Chat
1740,2024-04-06 05:30:00,212.0,Low,3.7,Phone
1741,2024-04-06 06:00:00,250.0,High,9.32,Phone
1742,2024-04-06 06:30:00,219.0,Low,12.84,Email
1743,2024-04-06 07:00:00,232.0,High,26.46,Phone
1744,2024-04-06 07:30:00,204.0,High,19.6,Email
1745,2024-04-06 08:00:00,230.0,Medium,9.65,Email
1746,2024-04-06 08:30:00,201.0,Medium,16.77,Phone
1747,2024-04-06 09:00:00,,Low,10.53,Phone
1748,2024-04-06 09:30:00,255.0,Medium,9.39,Email
1749,2024-04-06 10:00:00,258.0,Medium,16.23,Phone
1750,2024-04-06 10:30:00,226.0,High,24.06,Email
1751,2024-04-06 11:00:00,254.0,Medium,3.04,Phone
1752,2024-04-06 11:30:00,212.0,High,6.8,Chat
1753,2024-04-06 12:00:00,235.0,High,13.52,Chat
1754,2024-04-06 12:30:00,242.0,Low,15.02,Phone
1755,2024-04-06 13:00:00,253.0,High,11.94,Email
1756,2024-04-06 13:30:00,200.0,Medium,8.41,Chat
1757,2024-04-06 14:00:00,235.0,Low,3.96,Email
1758,2024-04-06 14:30:00,214.0,Medium,3.18,Email
1759,2024-04-06 15:00:00,223.0,High,13.21,Chat
1760,2024-04-06 15:30:00,257.0,High,6.02,Phone
1761,2024-04-06 16:00:00,239.0,High,7.95,Chat
1762,2024-04-06 16:30:00,253.0,Low,5.06,Email
1763,2024-04-06 17:00:00,211.0,Low,6.53,Email
1764,2024-04-06 17:30:00,238.0,Medium,4.24,Chat
1765,2024-04-06 18:00:00,255.0,Low,7.12,Email
1766,2024-04-06 18:30:00,205.0,Low,7.61,Email
1767,2024-04-06 19:00:00,252.0,Medium,13.16,Email
1768,2024-04-06 19:30:00,219.0,High,4.23,Phone
1769,2024-04-06 20:00:00,225.0,High,1.46,Chat
1770,2024-04-06 20:30:00,201.0,High,7.0,Email
1771,2024-04-06 21:00:00,250.0,Low,11.45,Chat
1772,2024-04-06 21:30:00,213.0,Low,6.01,Chat
1773,2024-04-06 22:00:00,259.0,High,16.57,Chat
1774,2024-04-06 22:30:00,201.0,High,9.28,Phone
1775,2024-04-06 23:00:00,206.0,High,4.33,Chat
1776,2024-04-06 23:30:00,207.0,High,15.39,Email
1777,2024-04-07 00:00:00,240.0,High,12.02,Chat
1778,2024-04-07 00:30:00,237.0,Low,7.69,Chat
1779,2024-04-07 01:00:00,212.0,High,3.39,Chat
1780,2024-04-07 01:30:00,206.0,High,1.16,Email
1781,2024-04-07 02:00:00,215.0,High,13.29,Email
1782,2024-04-07 02:30:00,,Medium,16.41,Chat
1783,2024-04-07 03:00:00,,Low,13.8,Phone
1784,2024-04-07 03:30:00,254.0,High,10.1,Email
1785,2024-04-07 04:00:00,225.0,Low,6.71,Phone
1786,2024-04-07 04:30:00,220.0,Low,26.87,Chat
1787,2024-04-07 05:00:00,231.0,High,11.46,Chat
1788,2024-04-07 05:30:00,219.0,Medium,19.94,Phone
1789,2024-04-07 06:00:00,210.0,High,8.51,Email
1790,2024-04-07 06:30:00,205.0,High,15.41,Phone
1791,2024-04-07 07:00:00,239.0,Low,16.81,Phone
1792,2024-04-07 07:30:00,247.0,High,4.6,Chat
1793,2024-04-07 08:00:00,231.0,Medium,2.65,Email
1794,2024-04-07 08:30:00,240.0,High,14.26,Chat
1795,2024-04-07 09:00:00,206.0,High,18.22,Chat
1796,2024-04-07 09:30:00,232.0,High,14.43,Chat
1797,2024-04-07 10:00:00,240.0,Medium,6.96,Chat
1798,2024-04-07 10:30:00,237.0,Low,1.98,Phone
1799,2024-04-07 11:00:00,,Low,5.32,Phone
1800,2024-04-07 11:30:00,206.0,Medium,19.27,Phone
1801,2024-04-07 12:00:00,259.0,Medium,16.93,Unknown
1802,2024-04-07 12:30:00,215.0,Medium,7.43,Email
1803,2024-04-07 13:00:00,213.0,High,16.84,Phone
1804,2024-04-07 13:30:00,235.0,High,8.09,Phone
1805,2024-04-07 14:00:00,243.0,Low,4.39,Unknown
1806,2024-04-07 14:30:00,257.0,High,9.38,Phone
1807,2024-04-07 15:00:00,244.0,High,5.02,Phone
1808,2024-04-07 15:30:00,249.0,Medium,17.74,Unknown
1809,2024-04-07 16:00:00,255.0,Medium,4.97,Email
1810,2024-04-07 16:30:00,238.0,Medium,11.25,Email
1811,2024-04-07 17:00:00,236.0,Medium,20.99,Chat
1812,2024-04-07 17:30:00,231.0,High,9.0,Phone
1813,2024-04-07 18:00:00,212.0,High,4.89,Chat
1814,2024-04-07 18:30:00,200.0,Low,18.43,Chat
1815,2024-04-07 19:00:00,207.0,Low,13.39,Phone
1816,2024-04-07 19:30:00,253.0,High,20.81,Chat
1817,2024-04-07 20:00:00,218.0,Low,8.77,Phone
1818,2024-04-07 20:30:00,204.0,High,13.03,Chat
1819,2024-04-07 21:00:00,208.0,Low,8.48,Chat
1820,2024-04-07 21:30:00,207.0,Medium,14.16,Chat
1821,2024-04-07 22:00:00,222.0,Low,9.97,Phone
1822,2024-04-07 22:30:00,241.0,High,6.87,Email
1823,2024-04-07 23:00:00,248.0,High,3.26,Email
1824,2024-04-07 23:30:00,248.0,Medium,5.01,Email
1825,2024-04-08 00:00:00,257.0,High,6.97,Chat
1826,2024-04-08 00:30:00,247.0,Low,13.04,Chat
1827,2024-04-08 01:00:00,215.0,High,13.63,Phone
1828,2024-04-08 01:30:00,227.0,Medium,8.26,Email
1829,2024-04-08 02:00:00,238.0,Medium,17.06,Phone
1830,2024-04-08 02:30:00,210.0,Low,28.98,Email
1831,2024-04-08 03:00:00,241.0,High,6.93,Phone
1832,2024-04-08 03:30:00,202.0,Low,15.51,Phone
1833,2024-04-08 04:00:00,213.0,Medium,12.67,Email
1834,2024-04-08 04:30:00,251.0,Medium,12.12,Chat
1835,2024-04-08 05:00:00,219.0,High,10.24,Email
1836,2024-04-08 05:30:00,258.0,High,0.58,Chat
1837,2024-04-08 06:00:00,,Low,19.71,Chat
1838,2024-04-08 06:30:00,214.0,Low,1.02,Chat
1839,2024-04-08 07:00:00,255.0,Medium,11.44,Chat
1840,2024-04-08 07:30:00,251.0,High,16.95,Chat
1841,2024-04-08 08:00:00,258.0,Low,14.64,Phone
1842,2024-04-08 08:30:00,224.0,High,3.66,Email
1843,2024-04-08 09:00:00,254.0,Medium,3.1,Phone
1844,2024-04-08 09:30:00,218.0,High,10.44,Phone
1845,2024-04-08 10:00:00,221.0,High,1.78,Chat
1846,2024-04-08 10:30:00,230.0,High,24.6,Unknown
1847,2024-04-08 11:00:00,221.0,High,27.26,Chat
1848,2024-04-08 11:30:00,200.0,High,8.48,Chat
1849,2024-04-08 12:00:00,243.0,Medium,8.18,Chat
1850,2024-04-08 12:30:00,226.0,High,11.13,Email
1851,2024-04-08 13:00:00,249.0,Low,34.07,Chat
1852,2024-04-08 13:30:00,211.0,High,4.01,Email
1853,2024-04-08 14:00:00,213.0,Low,4.78,Chat
1854,2024-04-08 14:30:00,242.0,High,13.13,Email
1855,2024-04-08 15:00:00,241.0,High,6.27,Chat
1856,2024-04-08 15:30:00,230.0,Medium,17.46,Chat
1857,2024-04-08 16:00:00,,High,36.71,Unknown
1858,2024-04-08 16:30:00,252.0,Medium,16.86,Phone
1859,2024-04-08 17:00:00,252.0,High,5.45,Email
1860,2024-04-08 17:30:00,253.0,Low,10.92,Email
1861,2024-04-08 18:00:00,259.0,Medium,7.87,Chat
1862,2024-04-08 18:30:00,219.0,Low,3.5,Chat
1863,2024-04-08 19:00:00,247.0,High,15.82,Chat
1864,2024-04-08 19:30:00,216.0,Medium,23.38,Phone
1865,2024-04-08 20:00:00,252.0,High,14.99,Phone
1866,2024-04-08 20:30:00,256.0,High,30.22,Email
1867,2024-04-08 21:00:00,226.0,High,4.68,Chat
1868,2024-04-08 21:30:00,230.0,High,8.52,Email
1869,2024-04-08 22:00:00,207.0,High,2.6,Chat
1870,2024-04-08 22:30:00,205.0,Low,10.62,Unknown
1871,2024-04-08 23:00:00,211.0,Low,24.09,Email
1872,2024-04-08 23:30:00,202.0,High,9.59,Email
1873,2024-04-09 00:00:00,223.0,High,7.18,Chat
1874,2024-04-09 00:30:00,259.0,Low,16.66,Phone
1875,2024-04-09 01:00:00,242.0,High,23.12,Unknown
1876,2024-04-09 01:30:00,234.0,High,11.54,Unknown
1877,2024-04-09 02:00:00,243.0,Medium,9.16,Phone
1878,2024-04-09 02:30:00,203.0,High,23.54,Phone
1879,2024-04-09 03:00:00,239.0,Medium,14.18,Chat
1880,2024-04-09 03:30:00,230.0,High,24.61,Email
1881,2024-04-09 04:00:00,206.0,Medium,5.77,Phone
1882,2024-04-09 04:30:00,230.0,Medium,9.78,Phone
1883,2024-04-09 05:00:00,239.0,High,5.99,Phone
1884,2024-04-09 05:30:00,226.0,High,2.14,Phone
1885,2024-04-09 06:00:00,255.0,Low,3.78,Phone
1886,2024-04-09 06:30:00,257.0,Low,14.76,Chat
1887,2024-04-09 07:00:00,221.0,High,18.34,Email
1888,2024-04-09 07:30:00,256.0,Low,7.89,Email
1889,2024-04-09 08:00:00,,High,6.92,Email
1890,2024-04-09 08:30:00,207.0,High,23.96,Chat
1891,2024-04-09 09:00:00,238.0,High,5.53,Chat
1892,2024-04-09 09:30:00,209.0,Medium,14.81,Email
1893,2024-04-09 10:00:00,219.0,Low,3.28,Email
1894,2024-04-09 10:30:00,224.0,Medium,1.86,Email
1895,2024-04-09 11:00:00,241.0,High,11.19,Chat
1896,2024-04-09 11:30:00,250.0,High,9.13,Chat
1897,2024-04-09 12:00:00,253.0,Medium,5.65,Unknown
1898,2024-04-09 12:30:00,237.0,Low,2.18,Phone
1899,2024-04-09 13:00:00,257.0,High,11.92,Email
1900,2024-04-09 13:30:00,243.0,High,4.73,Email
1901,2024-04-09 14:00:00,252.0,Low,30.81,Unknown
1902,2024-04-09 14:30:00,234.0,High,14.41,Email
1903,2024-04-09 15:00:00,207.0,High,6.1,Chat
1904,2024-04-09 15:30:00,212.0,Low,3.45,Phone
1905,2024-04-09 16:00:00,224.0,Medium,9.41,Chat
1906,2024-04-09 16:30:00,249.0,High,5.49,Email
1907,2024-04-09 17:00:00,224.0,High,3.01,Chat
1908,2024-04-09 17:30:00,200.0,High,15.49,Chat
1909,2024-04-09 18:00:00,225.0,Medium,4.95,Chat
1910,2024-04-09 18:30:00,241.0,High,14.74,Email
1911,2024-04-09 19:00:00,259.0,Medium,6.06,Unknown
1912,2024-04-09 19:30:00,211.0,High,12.94,Chat
1913,2024-04-09 20:00:00,218.0,Low,11.88,Chat
1914,2024-04-09 20:30:00,228.0,High,20.66,Phone
1915,2024-04-09 21:00:00,229.0,Medium,18.02,Email
1916,2024-04-09 21:30:00,258.0,Low,4.25,Email
1917,2024-04-09 22:00:00,223.0,Low,18.32,Chat
1918,2024-04-09 22:30:00,232.0,High,32.92,Phone
1919,2024-04-09 23:00:00,215.0,High,4.63,Phone
1920,2024-04-09 23:30:00,203.0,Medium,16.84,Phone
1921,2024-04-10 00:00:00,223.0,High,9.32,Email
1922,2024-04-10 00:30:00,225.0,Low,13.3,Phone
1923,2024-04-10 01:00:00,210.0,High,48.73,Email
1924,2024-04-10 01:30:00,239.0,Medium,3.95,Email
1925,2024-04-10 02:00:00,219.0,High,10.74,Phone
1926,2024-04-10 02:30:00,203.0,Medium,3.65,Email
1927,2024-04-10 03:00:00,232.0,Low,8.61,Phone
1928,2024-04-10 03:30:00,215.0,High,19.13,Phone
1929,2024-04-10 04:00:00,243.0,High,9.93,Phone
1930,2024-04-10 04:30:00,201.0,High,4.14,Phone
1931,2024-04-10 05:00:00,246.0,High,19.92,Phone
1932,2024-04-10 05:30:00,232.0,Low,13.86,Email
1933,2024-04-10 06:00:00,243.0,Medium,5.03,Email
1934,2024-04-10 06:30:00,222.0,High,14.46,Email
1935,2024-04-10 07:00:00,252.0,Medium,1.38,Email
1936,2024-04-10 07:30:00,230.0,Medium,11.48,Email
1937,2024-04-10 08:00:00,,Low,8.06,Unknown
1938,2024-04-10 08:30:00,217.0,High,22.25,Phone
1939,2024-04-10 09:00:00,251.0,Medium,9.04,Email
1940,2024-04-10 09:30:00,239.0,Low,1.81,Chat
1941,2024-04-10 10:00:00,255.0,Low,41.65,Phone
1942,2024-04-10 10:30:00,210.0,High,10.33,Chat
1943,2024-04-10 11:00:00,230.0,High,11.61,Chat
1944,2024-04-10 11:30:00,254.0,High,2.51,Phone
1945,2024-04-10 12:00:00,214.0,High,32.17,Phone
1946,2024-04-10 12:30:00,257.0,Low,27.85,Email
1947,2024-04-10 13:00:00,258.0,High,25.98,Phone
1948,2024-04-10 13:30:00,229.0,Medium,14.29,Chat
1949,2024-04-10 14:00:00,243.0,Low,19.98,Email
1950,2024-04-10 14:30:00,227.0,Low,18.5,Email
1951,2024-04-10 15:00:00,239.0,Low,2.58,Phone
1952,2024-04-10 15:30:00,251.0,High,24.96,Email
1953,2024-04-10 16:00:00,244.0,High,3.13,Email
1954,2024-04-10 16:30:00,217.0,Low,16.15,Unknown
1955,2024-04-10 17:00:00,234.0,High,18.45,Chat
1956,2024-04-10 17:30:00,248.0,High,1.73,Phone
1957,2024-04-10 18:00:00,234.0,High,19.95,Email
1958,2024-04-10 18:30:00,217.0,Low,14.3,Email
1959,2024-04-10 19:00:00,245.0,Medium,13.34,Phone
1960,2024-04-10 19:30:00,243.0,High,7.79,Email
1961,2024-04-10 20:00:00,238.0,High,12.12,Phone
1962,2024-04-10 20:30:00,220.0,High,19.26,Chat
1963,2024-04-10 21:00:00,233.0,High,4.96,Phone
1964,2024-04-10 21:30:00,,Medium,3.61,Email
1965,2024-04-10 22:00:00,212.0,High,20.89,Phone
1966,2024-04-10 22:30:00,255.0,Low,0.81,Phone
1967,2024-04-10 23:00:00,235.0,High,22.67,Chat
1968,2024-04-10 23:30:00,203.0,High,0.78,Phone
1969,2024-04-11 00:00:00,216.0,High,9.26,Phone
1970,2024-04-11 00:30:00,248.0,Low,24.35,Chat
1971,2024-04-11 01:00:00,241.0,Low,22.82,Phone
1972,2024-04-11 01:30:00,232.0,Medium,6.79,Phone
1973,2024-04-11 02:00:00,229.0,High,19.82,Phone
1974,2024-04-11 02:30:00,222.0,Medium,18.81,Email
1975,2024-04-11 03:00:00,256.0,Low,0.1,Email
1976,2024-04-11 03:30:00,221.0,High,13.99,Email
1977,2024-04-11 04:00:00,249.0,Medium,4.04,Email
1978,2024-04-11 04:30:00,204.0,Medium,33.69,Chat
1979,2024-04-11 05:00:00,232.0,Low,5.36,Unknown
1980,2024-04-11 05:30:00,215.0,Low,34.27,Chat
1981,2024-04-11 06:00:00,225.0,Medium,15.53,Unknown
1982,2024-04-11 06:30:00,237.0,High,20.88,Phone
1983,2024-04-11 07:00:00,204.0,Low,19.38,Chat
1984,2024-04-11 07:30:00,205.0,High,14.29,Chat
1985,2024-04-11 08:00:00,234.0,Medium,6.25,Email
1986,2024-04-11 08:30:00,240.0,High,6.46,Unknown
1987,2024-04-11 09:00:00,203.0,High,5.75,Phone
1988,2024-04-11 09:30:00,257.0,Medium,3.69,Phone
1989,2024-04-11 10:00:00,226.0,High,7.45,Email
1990,2024-04-11 10:30:00,258.0,Medium,11.07,Phone
1991,2024-04-11 11:00:00,208.0,Low,8.39,Chat
1992,2024-04-11 11:30:00,253.0,Low,21.24,Phone
1993,2024-04-11 12:00:00,238.0,High,8.22,Chat
1994,2024-04-11 12:30:00,248.0,High,19.91,Email
1995,2024-04-11 13:00:00,248.0,Low,14.44,Email
1996,2024-04-11 13:30:00,210.0,High,28.93,Email
1997,2024-04-11 14:00:00,210.0,Low,15.61,Email
1998,2024-04-11 14:30:00,258.0,Medium,23.7,Email
1999,2024-04-11 15:00:00,225.0,Medium,18.01,Email
2000,2024-04-11 15:30:00,212.0,High,10.63,Chat
2001,2024-04-11 16:00:00,237.0,High,20.96,Phone
2002,2024-04-11 16:30:00,252.0,Low,3.95,Chat
2003,2024-04-11 17:00:00,216.0,Medium,12.08,Email
2004,2024-04-11 17:30:00,252.0,High,12.34,Unknown
2005,2024-04-11 18:00:00,203.0,Low,20.31,Phone
2006,2024-04-11 18:30:00,237.0,High,2.72,Phone
2007,2024-04-11 19:00:00,222.0,Medium,10.48,Email
2008,2024-04-11 19:30:00,231.0,High,16.65,Phone
2009,2024-04-11 20:00:00,236.0,Medium,18.78,Email
2010,2024-04-11 20:30:00,212.0,High,6.7,Phone
2011,2024-04-11 21:00:00,202.0,Low,3.28,Chat
2012,2024-04-11 21:30:00,231.0,Low,14.06,Email
2013,2024-04-11 22:00:00,257.0,Medium,2.84,Unknown
2014,2024-04-11 22:30:00,217.0,High,11.23,Phone
2015,2024-04-11 23:00:00,233.0,High,10.23,Chat
2016,2024-04-11 23:30:00,207.0,Medium,12.46,Chat
2017,2024-04-12 00:00:00,220.0,High,24.97,Chat
2018,2024-04-12 00:30:00,207.0,High,20.04,Chat
2019,2024-04-12 01:00:00,206.0,High,14.83,Chat
2020,2024-04-12 01:30:00,248.0,High,17.51,Chat
2021,2024-04-12 02:00:00,254.0,High,9.59,Email
2022,2024-04-12 02:30:00,255.0,High,13.93,Chat
2023,2024-04-12 03:00:00,243.0,Medium,13.23,Email
2024,2024-04-12 03:30:00,208.0,High,6.91,Chat
2025,2024-04-12 04:00:00,255.0,High,11.92,Email
2026,2024-04-12 04:30:00,200.0,Low,33.19,Phone
2027,2024-04-12 05:00:00,216.0,Medium,10.22,Chat
2028,2024-04-12 05:30:00,215.0,High,12.32,Email
2029,2024-04-12 06:00:00,244.0,High,4.73,Email
2030,2024-04-12 06:30:00,208.0,Low,5.17,Phone
2031,2024-04-12 07:00:00,258.0,Medium,3.62,Phone
2032,2024-04-12 07:30:00,211.0,Medium,5.8,Email
2033,2024-04-12 08:00:00,251.0,High,26.16,Chat
2034,2024-04-12 08:30:00,234.0,Medium,10.99,Chat
2035,2024-04-12 09:00:00,215.0,Low,1.04,Chat
2036,2024-04-12 09:30:00,225.0,High,24.14,Chat
2037,2024-04-12 10:00:00,206.0,Medium,6.6,Phone
2038,2024-04-12 10:30:00,225.0,High,4.47,Phone
2039,2024-04-12 11:00:00,241.0,Medium,26.71,Email
2040,2024-04-12 11:30:00,212.0,High,11.39,Chat
2041,2024-04-12 12:00:00,257.0,High,34.59,Email
2042,2024-04-12 12:30:00,239.0,Low,12.78,Email
2043,2024-04-12 13:00:00,222.0,Low,6.06,Email
2044,2024-04-12 13:30:00,217.0,Medium,6.12,Chat
2045,2024-04-12 14:00:00,246.0,Low,11.33,Chat
2046,2024-04-12 14:30:00,223.0,High,6.7,Email
2047,2024-04-12 15:00:00,256.0,High,16.28,Chat
2048,2024-04-12 15:30:00,227.0,Low,9.42,Email
2049,2024-04-12 16:00:00,242.0,Medium,32.61,Email
2050,2024-04-12 16:30:00,254.0,High,6.94,Phone
2051,2024-04-12 17:00:00,257.0,High,14.0,Chat
2052,2024-04-12 17:30:00,214.0,Medium,33.21,Email
2053,2024-04-12 18:00:00,225.0,Low,17.91,Phone
2054,2024-04-12 18:30:00,243.0,Medium,28.98,Unknown
2055,2024-04-12 19:00:00,224.0,Medium,27.72,Phone
2056,2024-04-12 19:30:00,218.0,High,9.49,Email
2057,2024-04-12 20:00:00,237.0,High,7.52,Chat
2058,2024-04-12 20:30:00,253.0,Medium,0.74,Chat
2059,2024-04-12 21:00:00,227.0,Low,10.77,Chat
2060,2024-04-12 21:30:00,223.0,Medium,9.79,Email
2061,2024-04-12 22:00:00,245.0,High,13.5,Email
2062,2024-04-12 22:30:00,230.0,Medium,29.91,Unknown
2063,2024-04-12 23:00:00,218.0,High,9.13,Chat
2064,2024-04-12 23:30:00,252.0,High,8.55,Email
2065,2024-04-13 00:00:00,236.0,High,15.42,Chat
2066,2024-04-13 00:30:00,240.0,Medium,9.31,Chat
2067,2024-04-13 01:00:00,248.0,Medium,7.43,Email
2068,2024-04-13 01:30:00,205.0,Low,5.66,Phone
2069,2024-04-13 02:00:00,251.0,High,10.14,Chat
2070,2024-04-13 02:30:00,208.0,Medium,13.82,Phone
2071,2024-04-13 03:00:00,200.0,High,4.68,Phone
2072,2024-04-13 03:30:00,259.0,Low,7.0,Phone
2073,2024-04-13 04:00:00,216.0,High,11.15,Unknown
2074,2024-04-13 04:30:00,201.0,Medium,4.93,Phone
2075,2024-04-13 05:00:00,242.0,High,18.86,Unknown
2076,2024-04-13 05:30:00,218.0,Medium,19.39,Unknown
2077,2024-04-13 06:00:00,225.0,Low,8.39,Email
2078,2024-04-13 06:30:00,257.0,High,47.15,Chat
2079,2024-04-13 07:00:00,234.0,High,20.45,Chat
2080,2024-04-13 07:30:00,200.0,Low,15.54,Chat
2081,2024-04-13 08:00:00,240.0,Low,13.85,Email
2082,2024-04-13 08:30:00,209.0,Medium,23.16,Chat
2083,2024-04-13 09:00:00,219.0,High,27.59,Phone
2084,2024-04-13 09:30:00,212.0,High,14.51,Chat
2085,2024-04-13 10:00:00,254.0,Low,46.47,Chat
2086,2024-04-13 10:30:00,205.0,Medium,11.1,Chat
2087,2024-04-13 11:00:00,232.0,High,6.94,Chat
2088,2024-04-13 11:30:00,228.0,High,5.35,Email
2089,2024-04-13 12:00:00,233.0,Low,7.54,Chat
2090,2024-04-13 12:30:00,235.0,High,9.29,Phone
2091,2024-04-13 13:00:00,206.0,High,8.14,Chat
2092,2024-04-13 13:30:00,219.0,Low,6.79,Unknown
2093,2024-04-13 14:00:00,234.0,Medium,16.23,Unknown
2094,2024-04-13 14:30:00,206.0,Medium,3.58,Chat
2095,2024-04-13 15:00:00,248.0,High,3.25,Unknown
2096,2024-04-13 15:30:00,248.0,High,10.58,Email
2097,2024-04-13 16:00:00,231.0,High,8.2,Chat
2098,2024-04-13 16:30:00,248.0,High,5.12,Phone
2099,2024-04-13 17:00:00,225.0,Low,35.09,Email
2100,2024-04-13 17:30:00,233.0,High,8.72,Chat
2101,2024-04-13 18:00:00,227.0,Medium,13.73,Chat
2102,2024-04-13 18:30:00,208.0,High,3.44,Chat
2103,2024-04-13 19:00:00,210.0,Low,62.03,Chat
2104,2024-04-13 19:30:00,232.0,High,8.17,Chat
2105,2024-04-13 20:00:00,204.0,High,19.72,Phone
2106,2024-04-13 20:30:00,237.0,High,12.51,Email
2107,2024-04-13 21:00:00,219.0,High,16.21,Email
2108,2024-04-13 21:30:00,225.0,High,6.69,Chat
2109,2024-04-13 22:00:00,,Medium,0.64,Chat
2110,2024-04-13 22:30:00,251.0,Medium,2.64,Phone
2111,2024-04-13 23:00:00,228.0,Medium,28.67,Phone
2112,2024-04-13 23:30:00,223.0,Low,15.57,Phone
2113,2024-04-14 00:00:00,248.0,Medium,16.46,Email
2114,2024-04-14 00:30:00,,Medium,6.82,Email
2115,2024-04-14 01:00:00,244.0,High,8.32,Chat
2116,2024-04-14 01:30:00,206.0,High,7.92,Email
2117,2024-04-14 02:00:00,242.0,High,3.89,Chat
2118,2024-04-14 02:30:00,233.0,High,17.15,Chat
2119,2024-04-14 03:00:00,212.0,High,6.09,Chat
2120,2024-04-14 03:30:00,245.0,High,2.08,Phone
2121,2024-04-14 04:00:00,232.0,Medium,11.01,Email
2122,2024-04-14 04:30:00,243.0,Medium,9.79,Email
2123,2024-04-14 05:00:00,,Medium,6.24,Phone
2124,2024-04-14 05:30:00,215.0,High,12.68,Phone
2125,2024-04-14 06:00:00,248.0,High,15.83,Email
2126,2024-04-14 06:30:00,259.0,Medium,22.04,Phone
2127,2024-04-14 07:00:00,231.0,High,6.75,Chat
2128,2024-04-14 07:30:00,243.0,Low,6.08,Email
2129,2024-04-14 08:00:00,246.0,Low,16.94,Chat
2130,2024-04-14 08:30:00,225.0,High,11.14,Chat
2131,2024-04-14 09:00:00,248.0,Medium,7.8,Chat
2132,2024-04-14 09:30:00,224.0,Medium,18.66,Email
2133,2024-04-14 10:00:00,253.0,High,25.05,Email
2134,2024-04-14 10:30:00,246.0,Low,16.94,Email
2135,2024-04-14 11:00:00,232.0,High,4.64,Email
2136,2024-04-14 11:30:00,210.0,High,0.43,Email
2137,2024-04-14 12:00:00,249.0,Medium,19.39,Email
2138,2024-04-14 12:30:00,238.0,High,8.63,Email
2139,2024-04-14 13:00:00,234.0,Low,9.89,Email
2140,2024-04-14 13:30:00,243.0,High,10.14,Chat
2141,2024-04-14 14:00:00,259.0,High,19.01,Email
2142,2024-04-14 14:30:00,230.0,Low,12.21,Email
2143,2024-04-14 15:00:00,223.0,High,10.72,Chat
2144,2024-04-14 15:30:00,252.0,High,2.25,Phone
2145,2024-04-14 16:00:00,238.0,Low,15.98,Phone
2146,2024-04-14 16:30:00,228.0,High,9.44,Email
2147,2024-04-14 17:00:00,210.0,Medium,13.89,Email
2148,2024-04-14 17:30:00,227.0,Medium,25.48,Chat
2149,2024-04-14 18:00:00,256.0,High,5.7,Email
2150,2024-04-14 18:30:00,217.0,Medium,15.11,Phone
2151,2024-04-14 19:00:00,257.0,Low,1.09,Chat
2152,2024-04-14 19:30:00,255.0,High,1.72,Unknown
2153,2024-04-14 20:00:00,250.0,High,13.92,Chat
2154,2024-04-14 20:30:00,218.0,Medium,18.4,Chat
2155,2024-04-14 21:00:00,247.0,High,6.08,Email
2156,2024-04-14 21:30:00,241.0,Low,22.12,Email
2157,2024-04-14 22:00:00,253.0,High,10.42,Email
2158,2024-04-14 22:30:00,224.0,High,21.62,Phone
2159,2024-04-14 23:00:00,237.0,High,5.59,Unknown
2160,2024-04-14 23:30:00,256.0,Low,5.01,Chat
2161,2024-04-15 00:00:00,254.0,High,23.07,Chat
2162,2024-04-15 00:30:00,256.0,Medium,25.05,Phone
2163,2024-04-15 01:00:00,206.0,Low,4.86,Chat
2164,2024-04-15 01:30:00,201.0,Medium,26.08,Phone
2165,2024-04-15 02:00:00,205.0,Medium,14.13,Email
2166,2024-04-15 02:30:00,259.0,High,4.42,Phone
2167,2024-04-15 03:00:00,224.0,Medium,5.36,Email
2168,2024-04-15 03:30:00,236.0,High,10.02,Chat
2169,2024-04-15 04:00:00,225.0,High,9.01,Chat
2170,2024-04-15 04:30:00,204.0,Medium,18.98,Phone
2171,2024-04-15 05:00:00,254.0,Low,8.52,Email
2172,2024-04-15 05:30:00,229.0,High,2.16,Email
2173,2024-04-15 06:00:00,218.0,Medium,19.61,Phone
2174,2024-04-15 06:30:00,202.0,Medium,34.54,Email
2175,2024-04-15 07:00:00,206.0,Medium,1.81,Email
2176,2024-04-15 07:30:00,232.0,High,20.07,Chat
2177,2024-04-15 08:00:00,246.0,Low,2.25,Unknown
2178,2024-04-15 08:30:00,211.0,Low,16.47,Email
2179,2024-04-15 09:00:00,231.0,High,7.83,Email
2180,2024-04-15 09:30:00,222.0,High,3.64,Email
2181,2024-04-15 10:00:00,239.0,High,11.24,Unknown
2182,2024-04-15 10:30:00,218.0,High,5.92,Email
2183,2024-04-15 11:00:00,253.0,Medium,29.59,Phone
2184,2024-04-15 11:30:00,236.0,High,9.15,Email
2185,2024-04-15 12:00:00,210.0,High,13.23,Chat
2186,2024-04-15 12:30:00,249.0,Medium,10.85,Chat
2187,2024-04-15 13:00:00,238.0,High,18.63,Phone
2188,2024-04-15 13:30:00,256.0,Low,6.01,Chat
2189,2024-04-15 14:00:00,255.0,Medium,35.13,Chat
2190,2024-04-15 14:30:00,219.0,High,12.44,Email
2191,2024-04-15 15:00:00,241.0,Low,12.61,Chat
2192,2024-04-15 15:30:00,234.0,High,11.19,Chat
2193,2024-04-15 16:00:00,226.0,High,12.32,Email
2194,2024-04-15 16:30:00,200.0,Medium,8.57,Email
2195,2024-04-15 17:00:00,248.0,Medium,7.67,Phone
2196,2024-04-15 17:30:00,222.0,Low,8.3,Email
2197,2024-04-15 18:00:00,204.0,Medium,13.19,Chat
2198,2024-04-15 18:30:00,257.0,Low,20.7,Chat
2199,2024-04-15 19:00:00,224.0,High,13.62,Email
2200,2024-04-15 19:30:00,207.0,High,9.35,Phone
2201,2024-04-15 20:00:00,226.0,Low,14.72,Email
2202,2024-04-15 20:30:00,252.0,Low,19.78,Phone
2203,2024-04-15 21:00:00,244.0,Low,15.57,Email
2204,2024-04-15 21:30:00,239.0,Low,30.55,Email
2205,2024-04-15 22:00:00,217.0,High,11.14,Chat
2206,2024-04-15 22:30:00,217.0,Low,11.34,Chat
2207,2024-04-15 23:00:00,215.0,Low,6.79,Chat
2208,2024-04-15 23:30:00,246.0,High,5.74,Phone
2209,2024-04-16 00:00:00,248.0,High,12.9,Phone
2210,2024-04-16 00:30:00,217.0,Medium,8.33,Phone
2211,2024-04-16 01:00:00,218.0,Low,17.15,Phone
2212,2024-04-16 01:30:00,253.0,High,9.12,Phone
2213,2024-04-16 02:00:00,258.0,Medium,11.67,Phone
2214,2024-04-16 02:30:00,204.0,High,33.41,Phone
2215,2024-04-16 03:00:00,215.0,High,19.11,Phone
2216,2024-04-16 03:30:00,207.0,Medium,21.25,Email
2217,2024-04-16 04:00:00,221.0,Low,6.1,Chat
2218,2024-04-16 04:30:00,245.0,High,5.1,Phone
2219,2024-04-16 05:00:00,235.0,High,7.74,Chat
2220,2024-04-16 05:30:00,226.0,Medium,23.27,Chat
2221,2024-04-16 06:00:00,212.0,Medium,4.78,Email
2222,2024-04-16 06:30:00,208.0,High,11.54,Email
2223,2024-04-16 07:00:00,245.0,High,28.83,Phone
2224,2024-04-16 07:30:00,230.0,Medium,8.15,Chat
2225,2024-04-16 08:00:00,201.0,Medium,11.03,Email
2226,2024-04-16 08:30:00,217.0,Low,16.51,Chat
2227,2024-04-16 09:00:00,240.0,Low,2.6,Unknown
2228,2024-04-16 09:30:00,232.0,High,24.54,Email
2229,2024-04-16 10:00:00,243.0,High,8.86,Unknown
2230,2024-04-16 10:30:00,244.0,Medium,8.81,Email
2231,2024-04-16 11:00:00,206.0,Medium,2.02,Email
2232,2024-04-16 11:30:00,251.0,Medium,5.89,Unknown
2233,2024-04-16 12:00:00,235.0,Medium,0.54,Email
2234,2024-04-16 12:30:00,203.0,High,23.52,Unknown
2235,2024-04-16 13:00:00,257.0,High,25.97,Email
2236,2024-04-16 13:30:00,235.0,Medium,5.5,Chat
2237,2024-04-16 14:00:00,214.0,Medium,21.3,Unknown
2238,2024-04-16 14:30:00,259.0,Low,15.06,Email
2239,2024-04-16 15:00:00,202.0,Low,5.19,Phone
2240,2024-04-16 15:30:00,227.0,High,4.47,Phone
2241,2024-04-16 16:00:00,202.0,Low,2.03,Chat
2242,2024-04-16 16:30:00,246.0,High,2.65,Email
2243,2024-04-16 17:00:00,246.0,High,15.73,Phone
2244,2024-04-16 17:30:00,205.0,Low,36.59,Email
2245,2024-04-16 18:00:00,217.0,Medium,15.3,Chat
2246,2024-04-16 18:30:00,252.0,Medium,1.66,Email
2247,2024-04-16 19:00:00,215.0,Low,7.76,Phone
2248,2024-04-16 19:30:00,234.0,High,9.78,Email
2249,2024-04-16 20:00:00,232.0,High,2.88,Chat
2250,2024-04-16 20:30:00,253.0,Medium,4.95,Chat
2251,2024-04-16 21:00:00,244.0,High,13.49,Email
2252,2024-04-16 21:30:00,247.0,High,8.09,Chat
2253,2024-04-16 22:00:00,205.0,High,5.67,Phone
2254,2024-04-16 22:30:00,252.0,High,1.9,Unknown
2255,2024-04-16 23:00:00,227.0,Medium,18.94,Chat
2256,2024-04-16 23:30:00,203.0,High,13.97,Email
2257,2024-04-17 00:00:00,205.0,Low,34.02,Email
2258,2024-04-17 00:30:00,242.0,High,3.05,Chat
2259,2024-04-17 01:00:00,253.0,Low,16.25,Email
2260,2024-04-17 01:30:00,211.0,Low,16.86,Chat
2261,2024-04-17 02:00:00,217.0,Low,11.44,Chat
2262,2024-04-17 02:30:00,215.0,Low,5.6,Phone
2263,2024-04-17 03:00:00,253.0,High,7.38,Phone
2264,2024-04-17 03:30:00,219.0,High,10.72,Chat
2265,2024-04-17 04:00:00,239.0,High,1.39,Email
2266,2024-04-17 04:30:00,235.0,High,16.74,Chat
2267,2024-04-17 05:00:00,224.0,Medium,11.08,Email
2268,2024-04-17 05:30:00,237.0,Low,7.96,Phone
2269,2024-04-17 06:00:00,212.0,High,11.43,Phone
2270,2024-04-17 06:30:00,255.0,High,11.4,Email
2271,2024-04-17 07:00:00,254.0,Medium,14.24,Unknown
2272,2024-04-17 07:30:00,200.0,High,11.91,Chat
2273,2024-04-17 08:00:00,,Medium,5.16,Phone
2274,2024-04-17 08:30:00,211.0,High,6.26,Phone
2275,2024-04-17 09:00:00,226.0,High,11.23,Chat
2276,2024-04-17 09:30:00,221.0,Low,9.9,Email
2277,2024-04-17 10:00:00,252.0,Medium,26.62,Chat
2278,2024-04-17 10:30:00,249.0,Low,6.22,Unknown
2279,2024-04-17 11:00:00,217.0,Low,7.66,Phone
2280,2024-04-17 11:30:00,232.0,Medium,8.2,Chat
2281,2024-04-17 12:00:00,223.0,Medium,2.85,Unknown
2282,2024-04-17 12:30:00,230.0,Low,11.45,Phone
2283,2024-04-17 13:00:00,254.0,Low,4.58,Chat
2284,2024-04-17 13:30:00,245.0,Low,7.28,Phone
2285,2024-04-17 14:00:00,203.0,High,5.03,Email
2286,2024-04-17 14:30:00,239.0,High,9.07,Email
2287,2024-04-17 15:00:00,246.0,Medium,11.55,Chat
2288,2024-04-17 15:30:00,217.0,Medium,9.61,Phone
2289,2024-04-17 16:00:00,244.0,Medium,12.77,Chat
2290,2024-04-17 16:30:00,205.0,Low,3.84,Email
2291,2024-04-17 17:00:00,205.0,Medium,7.0,Chat
2292,2024-04-17 17:30:00,227.0,High,30.75,Phone
2293,2024-04-17 18:00:00,224.0,Low,7.07,Phone
2294,2024-04-17 18:30:00,252.0,Medium,14.62,Phone
2295,2024-04-17 19:00:00,249.0,Medium,19.88,Email
2296,2024-04-17 19:30:00,235.0,High,1.69,Phone
2297,2024-04-17 20:00:00,232.0,High,11.52,Chat
2298,2024-04-17 20:30:00,203.0,High,7.49,Email
2299,2024-04-17 21:00:00,211.0,High,11.51,Unknown
2300,2024-04-17 21:30:00,226.0,High,9.78,Chat
2301,2024-04-17 22:00:00,225.0,High,14.69,Chat
2302,2024-04-17 22:30:00,223.0,Medium,3.61,Unknown
2303,2024-04-17 23:00:00,230.0,Medium,2.98,Chat
2304,2024-04-17 23:30:00,234.0,High,13.68,Chat
2305,2024-04-18 00:00:00,223.0,Low,11.43,Chat
2306,2024-04-18 00:30:00,235.0,Low,0.94,Phone
2307,2024-04-18 01:00:00,206.0,High,27.78,Chat
2308,2024-04-18 01:30:00,257.0,Medium,8.58,Email
2309,2024-04-18 02:00:00,231.0,Medium,9.28,Email
2310,2024-04-18 02:30:00,220.0,High,1.99,Phone
2311,2024-04-18 03:00:00,226.0,Low,10.83,Phone
2312,2024-04-18 03:30:00,224.0,Low,13.28,Email
2313,2024-04-18 04:00:00,217.0,High,15.94,Phone
2314,2024-04-18 04:30:00,236.0,Medium,4.14,Chat
2315,2024-04-18 05:00:00,253.0,Medium,57.86,Chat
2316,2024-04-18 05:30:00,253.0,High,17.34,Phone
2317,2024-04-18 06:00:00,210.0,High,19.15,Phone
2318,2024-04-18 06:30:00,242.0,Medium,32.9,Email
2319,2024-04-18 07:00:00,245.0,Medium,9.17,Email
2320,2024-04-18 07:30:00,228.0,Medium,12.06,Chat
2321,2024-04-18 08:00:00,241.0,High,1.01,Email
2322,2024-04-18 08:30:00,248.0,High,1.72,Phone
2323,2024-04-18 09:00:00,206.0,Low,9.1,Chat
2324,2024-04-18 09:30:00,229.0,Low,11.13,Chat
2325,2024-04-18 10:00:00,201.0,High,9.02,Phone
2326,2024-04-18 10:30:00,257.0,Low,7.14,Email
2327,2024-04-18 11:00:00,231.0,Low,15.56,Email
2328,2024-04-18 11:30:00,216.0,High,15.95,Chat
2329,2024-04-18 12:00:00,203.0,High,7.66,Email
2330,2024-04-18 12:30:00,207.0,Medium,10.61,Chat
2331,2024-04-18 13:00:00,216.0,High,14.03,Email
2332,2024-04-18 13:30:00,249.0,Medium,11.92,Unknown
2333,2024-04-18 14:00:00,258.0,Low,2.57,Phone
2334,2024-04-18 14:30:00,217.0,High,7.63,Phone
2335,2024-04-18 15:00:00,220.0,Low,6.83,Phone
2336,2024-04-18 15:30:00,250.0,Medium,24.34,Email
2337,2024-04-18 16:00:00,206.0,Low,4.82,Chat
2338,2024-04-18 16:30:00,236.0,High,8.78,Chat
2339,2024-04-18 17:00:00,,High,7.97,Email
2340,2024-04-18 17:30:00,230.0,High,7.22,Email
2341,2024-04-18 18:00:00,250.0,Medium,2.17,Phone
2342,2024-04-18 18:30:00,205.0,High,30.43,Email
2343,2024-04-18 19:00:00,,High,9.31,Phone
2344,2024-04-18 19:30:00,247.0,Low,14.19,Chat
2345,2024-04-18 20:00:00,218.0,Low,12.38,Chat
2346,2024-04-18 20:30:00,203.0,Low,7.1,Email
2347,2024-04-18 21:00:00,227.0,High,9.2,Phone
2348,2024-04-18 21:30:00,257.0,High,22.48,Chat
2349,2024-04-18 22:00:00,247.0,High,2.77,Email
2350,2024-04-18 22:30:00,252.0,High,9.42,Email
2351,2024-04-18 23:00:00,217.0,High,12.15,Email
2352,2024-04-18 23:30:00,218.0,Low,7.34,Phone
2353,2024-04-19 00:00:00,209.0,Medium,7.27,Chat
2354,2024-04-19 00:30:00,207.0,Low,15.03,Chat
2355,2024-04-19 01:00:00,216.0,High,8.45,Email
2356,2024-04-19 01:30:00,253.0,Low,33.48,Phone
2357,2024-04-19 02:00:00,240.0,High,15.21,Chat
2358,2024-04-19 02:30:00,228.0,Low,25.56,Chat
2359,2024-04-19 03:00:00,,Medium,15.91,Phone
2360,2024-04-19 03:30:00,207.0,Medium,4.6,Phone
2361,2024-04-19 04:00:00,229.0,High,9.0,Unknown
2362,2024-04-19 04:30:00,229.0,High,9.94,Phone
2363,2024-04-19 05:00:00,245.0,High,10.0,Email
2364,2024-04-19 05:30:00,214.0,High,15.0,Chat
2365,2024-04-19 06:00:00,251.0,Low,14.11,Phone
2366,2024-04-19 06:30:00,224.0,Low,10.37,Email
2367,2024-04-19 07:00:00,203.0,Medium,3.18,Chat
2368,2024-04-19 07:30:00,238.0,Low,27.99,Email
2369,2024-04-19 08:00:00,236.0,Low,7.39,Chat
2370,2024-04-19 08:30:00,254.0,Low,6.51,Chat
2371,2024-04-19 09:00:00,,High,0.97,Email
2372,2024-04-19 09:30:00,248.0,Medium,15.77,Chat
2373,2024-04-19 10:00:00,214.0,High,19.58,Email
2374,2024-04-19 10:30:00,209.0,Low,19.21,Chat
2375,2024-04-19 11:00:00,238.0,Low,0.93,Chat
2376,2024-04-19 11:30:00,228.0,High,20.92,Phone
2377,2024-04-19 12:00:00,247.0,Medium,7.6,Chat
2378,2024-04-19 12:30:00,229.0,Medium,7.89,Email
2379,2024-04-19 13:00:00,247.0,Low,5.44,Unknown
2380,2024-04-19 13:30:00,259.0,Low,14.67,Chat
2381,2024-04-19 14:00:00,258.0,Low,19.61,Chat
2382,2024-04-19 14:30:00,,High,10.15,Email
2383,2024-04-19 15:00:00,258.0,Low,7.58,Phone
2384,2024-04-19 15:30:00,230.0,High,21.11,Phone
2385,2024-04-19 16:00:00,222.0,Medium,9.13,Phone
2386,2024-04-19 16:30:00,254.0,High,11.68,Chat
2387,2024-04-19 17:00:00,210.0,Medium,7.05,Chat
2388,2024-04-19 17:30:00,223.0,High,12.5,Phone
2389,2024-04-19 18:00:00,249.0,High,13.92,Phone
2390,2024-04-19 18:30:00,215.0,Medium,5.21,Chat
2391,2024-04-19 19:00:00,256.0,Low,2.87,Chat
2392,2024-04-19 19:30:00,233.0,Medium,8.51,Phone
2393,2024-04-19 20:00:00,230.0,Medium,2.98,Email
2394,2024-04-19 20:30:00,219.0,Medium,8.89,Email
2395,2024-04-19 21:00:00,207.0,Low,20.08,Phone
2396,2024-04-19 21:30:00,255.0,High,7.93,Chat
2397,2024-04-19 22:00:00,200.0,Medium,0.5,Email
2398,2024-04-19 22:30:00,205.0,High,4.33,Phone
2399,2024-04-19 23:00:00,204.0,High,11.61,Phone
2400,2024-04-19 23:30:00,212.0,Medium,11.36,Email
2401,2024-04-20 00:00:00,244.0,High,5.11,Chat
2402,2024-04-20 00:30:00,205.0,High,14.65,Phone
2403,2024-04-20 01:00:00,208.0,Low,5.24,Phone
2404,2024-04-20 01:30:00,242.0,High,26.56,Phone
2405,2024-04-20 02:00:00,202.0,Medium,18.28,Email
2406,2024-04-20 02:30:00,217.0,High,44.38,Email
2407,2024-04-20 03:00:00,249.0,Medium,14.96,Unknown
2408,2024-04-20 03:30:00,254.0,Medium,10.015,Phone
2409,2024-04-20 04:00:00,229.0,Medium,3.41,Chat
2410,2024-04-20 04:30:00,253.0,Low,10.54,Chat
2411,2024-04-20 05:00:00,253.0,High,3.68,Phone
2412,2024-04-20 05:30:00,256.0,Low,19.92,Chat
2413,2024-04-20 06:00:00,214.0,High,5.34,Email
2414,2024-04-20 06:30:00,215.0,High,43.41,Chat
2415,2024-04-20 07:00:00,239.0,Low,9.24,Unknown
2416,2024-04-20 07:30:00,200.0,High,39.73,Chat
2417,2024-04-20 08:00:00,215.0,Medium,2.41,Email
2418,2024-04-20 08:30:00,223.0,High,6.96,Email
2419,2024-04-20 09:00:00,253.0,High,3.09,Email
2420,2024-04-20 09:30:00,257.0,High,3.58,Chat
2421,2024-04-20 10:00:00,220.0,High,10.06,Chat
2422,2024-04-20 10:30:00,245.0,High,1.65,Chat
2423,2024-04-20 11:00:00,232.0,Medium,15.55,Email
2424,2024-04-20 11:30:00,203.0,Medium,9.21,Phone
2425,2024-04-20 12:00:00,223.0,Medium,6.4,Chat
2426,2024-04-20 12:30:00,242.0,High,7.37,Phone
2427,2024-04-20 13:00:00,242.0,Low,6.76,Phone
2428,2024-04-20 13:30:00,255.0,Low,48.47,Chat
2429,2024-04-20 14:00:00,237.0,Low,8.3,Unknown
2430,2024-04-20 14:30:00,258.0,High,8.82,Email
2431,2024-04-20 15:00:00,227.0,Medium,6.93,Chat
2432,2024-04-20 15:30:00,242.0,Low,19.79,Chat
2433,2024-04-20 16:00:00,237.0,Medium,12.24,Email
2434,2024-04-20 16:30:00,251.0,High,11.5,Email
2435,2024-04-20 17:00:00,255.0,Medium,1.55,Email
2436,2024-04-20 17:30:00,250.0,High,9.22,Email
2437,2024-04-20 18:00:00,257.0,Medium,20.42,Email
2438,2024-04-20 18:30:00,221.0,Low,4.76,Chat
2439,2024-04-20 19:00:00,259.0,Low,21.69,Chat
2440,2024-04-20 19:30:00,205.0,High,12.49,Chat
2441,2024-04-20 20:00:00,222.0,Medium,12.34,Chat
2442,2024-04-20 20:30:00,243.0,High,15.46,Email
2443,2024-04-20 21:00:00,237.0,High,6.57,Email
2444,2024-04-20 21:30:00,208.0,Low,8.95,Email
2445,2024-04-20 22:00:00,240.0,High,20.67,Phone
2446,2024-04-20 22:30:00,223.0,High,25.31,Email
2447,2024-04-20 23:00:00,247.0,Low,21.82,Chat
2448,2024-04-20 23:30:00,,Medium,26.79,Chat
2449,2024-04-21 00:00:00,212.0,Medium,22.26,Email
2450,2024-04-21 00:30:00,233.0,High,2.26,Phone
2451,2024-04-21 01:00:00,201.0,High,14.36,Chat
2452,2024-04-21 01:30:00,231.0,High,2.33,Chat
2453,2024-04-21 02:00:00,250.0,Low,4.11,Phone
2454,2024-04-21 02:30:00,256.0,High,3.22,Email
2455,2024-04-21 03:00:00,247.0,Low,4.91,Chat
2456,2024-04-21 03:30:00,217.0,Low,10.94,Email
2457,2024-04-21 04:00:00,222.0,Medium,4.5,Phone
2458,2024-04-21 04:30:00,259.0,High,11.69,Chat
2459,2024-04-21 05:00:00,247.0,Low,20.59,Phone
2460,2024-04-21 05:30:00,254.0,High,13.5,Phone
2461,2024-04-21 06:00:00,214.0,High,1.55,Chat
2462,2024-04-21 06:30:00,221.0,Low,8.33,Chat
2463,2024-04-21 07:00:00,249.0,High,16.31,Email
2464,2024-04-21 07:30:00,219.0,Low,7.9,Chat
2465,2024-04-21 08:00:00,245.0,High,13.55,Email
2466,2024-04-21 08:30:00,207.0,Medium,4.7,Phone
2467,2024-04-21 09:00:00,203.0,Medium,7.95,Chat
2468,2024-04-21 09:30:00,254.0,Low,17.33,Phone
2469,2024-04-21 10:00:00,218.0,High,3.64,Email
2470,2024-04-21 10:30:00,211.0,Low,9.53,Email
2471,2024-04-21 11:00:00,215.0,Low,8.74,Email
2472,2024-04-21 11:30:00,200.0,High,7.17,Chat
2473,2024-04-21 12:00:00,245.0,High,13.23,Email
2474,2024-04-21 12:30:00,253.0,High,22.89,Email
2475,2024-04-21 13:00:00,201.0,High,8.26,Chat
2476,2024-04-21 13:30:00,235.0,Medium,5.88,Chat
2477,2024-04-21 14:00:00,221.0,High,8.14,Phone
2478,2024-04-21 14:30:00,240.0,High,24.18,Phone
2479,2024-04-21 15:00:00,242.0,High,4.7,Email
2480,2024-04-21 15:30:00,243.0,High,3.96,Chat
2481,2024-04-21 16:00:00,202.0,High,6.31,Phone
2482,2024-04-21 16:30:00,202.0,High,16.37,Email
2483,2024-04-21 17:00:00,256.0,High,9.96,Chat
2484,2024-04-21 17:30:00,205.0,High,16.08,Chat
2485,2024-04-21 18:00:00,230.0,High,3.61,Phone
2486,2024-04-21 18:30:00,229.0,Low,8.36,Phone
2487,2024-04-21 19:00:00,222.0,Medium,3.99,Chat
2488,2024-04-21 19:30:00,203.0,High,4.19,Email
2489,2024-04-21 20:00:00,210.0,High,12.82,Chat
2490,2024-04-21 20:30:00,230.0,Low,8.44,Phone
2491,2024-04-21 21:00:00,206.0,Low,35.08,Chat
2492,2024-04-21 21:30:00,244.0,Low,22.03,Chat
2493,2024-04-21 22:00:00,251.0,Low,10.3,Email
2494,2024-04-21 22:30:00,239.0,High,8.19,Phone
2495,2024-04-21 23:00:00,249.0,Medium,2.55,Email
2496,2024-04-21 23:30:00,236.0,High,1.8,Chat
2497,2024-04-22 00:00:00,241.0,High,20.98,Email
2498,2024-04-22 00:30:00,202.0,High,6.17,Chat
2499,2024-04-22 01:00:00,232.0,High,12.0,Chat
2500,2024-04-22 01:30:00,214.0,Medium,10.65,Email
2501,2024-04-22 02:00:00,211.0,High,16.65,Chat
2502,2024-04-22 02:30:00,253.0,High,30.79,Email
2503,2024-04-22 03:00:00,249.0,Low,17.97,Email
2504,2024-04-22 03:30:00,207.0,High,8.82,Email
2505,2024-04-22 04:00:00,259.0,Medium,24.76,Phone
2506,2024-04-22 04:30:00,231.0,High,14.54,Phone
2507,2024-04-22 05:00:00,237.0,High,8.96,Email
2508,2024-04-22 05:30:00,,Medium,11.4,Email
2509,2024-04-22 06:00:00,253.0,Medium,19.06,Email
2510,2024-04-22 06:30:00,256.0,Low,24.41,Chat
2511,2024-04-22 07:00:00,246.0,Medium,6.13,Email
2512,2024-04-22 07:30:00,210.0,Low,7.91,Chat
2513,2024-04-22 08:00:00,231.0,High,2.77,Chat
2514,2024-04-22 08:30:00,224.0,High,18.52,Chat
2515,2024-04-22 09:00:00,223.0,High,8.57,Email
2516,2024-04-22 09:30:00,232.0,Medium,28.21,Unknown
2517,2024-04-22 10:00:00,242.0,High,25.74,Chat
2518,2024-04-22 10:30:00,243.0,Medium,11.75,Email
2519,2024-04-22 11:00:00,214.0,High,12.27,Unknown
2520,2024-04-22 11:30:00,256.0,Medium,5.49,Phone
2521,2024-04-22 12:00:00,226.0,Medium,5.64,Chat
2522,2024-04-22 12:30:00,244.0,Low,10.49,Chat
2523,2024-04-22 13:00:00,252.0,High,8.37,Phone
2524,2024-04-22 13:30:00,220.0,Medium,30.05,Phone
2525,2024-04-22 14:00:00,251.0,Medium,5.94,Phone
2526,2024-04-22 14:30:00,204.0,Medium,15.82,Unknown
2527,2024-04-22 15:00:00,217.0,High,8.71,Chat
2528,2024-04-22 15:30:00,242.0,High,11.14,Phone
2529,2024-04-22 16:00:00,245.0,Low,13.62,Phone
2530,2024-04-22 16:30:00,258.0,Low,3.71,Email
2531,2024-04-22 17:00:00,225.0,High,17.31,Chat
2532,2024-04-22 17:30:00,201.0,High,23.5,Phone
2533,2024-04-22 18:00:00,226.0,High,21.48,Phone
2534,2024-04-22 18:30:00,246.0,High,8.92,Phone
2535,2024-04-22 19:00:00,206.0,High,4.97,Chat
2536,2024-04-22 19:30:00,210.0,Medium,18.64,Phone
2537,2024-04-22 20:00:00,224.0,Medium,6.65,Chat
2538,2024-04-22 20:30:00,227.0,High,12.08,Email
2539,2024-04-22 21:00:00,226.0,High,1.66,Chat
2540,2024-04-22 21:30:00,231.0,High,2.42,Phone
2541,2024-04-22 22:00:00,236.0,Low,8.77,Email
2542,2024-04-22 22:30:00,236.0,Medium,8.58,Email
2543,2024-04-22 23:00:00,224.0,High,4.27,Email
2544,2024-04-22 23:30:00,,High,1.78,Email
2545,2024-04-23 00:00:00,229.0,High,13.08,Email
2546,2024-04-23 00:30:00,241.0,High,1.97,Email
2547,2024-04-23 01:00:00,239.0,High,5.5,Email
2548,2024-04-23 01:30:00,223.0,Low,16.9,Email
2549,2024-04-23 02:00:00,238.0,High,9.78,Chat
2550,2024-04-23 02:30:00,242.0,High,12.95,Phone
2551,2024-04-23 03:00:00,228.0,Medium,11.13,Chat
2552,2024-04-23 03:30:00,228.0,Low,11.42,Phone
2553,2024-04-23 04:00:00,235.0,High,8.71,Email
2554,2024-04-23 04:30:00,224.0,Low,4.26,Phone
2555,2024-04-23 05:00:00,245.0,Low,21.1,Email
2556,2024-04-23 05:30:00,221.0,Medium,11.58,Chat
2557,2024-04-23 06:00:00,205.0,Medium,11.04,Email
2558,2024-04-23 06:30:00,,Medium,54.15,Phone
2559,2024-04-23 07:00:00,254.0,High,4.13,Phone
2560,2024-04-23 07:30:00,216.0,Medium,21.23,Phone
2561,2024-04-23 08:00:00,218.0,Low,11.85,Email
2562,2024-04-23 08:30:00,214.0,Medium,3.12,Email
2563,2024-04-23 09:00:00,255.0,Medium,6.3,Phone
2564,2024-04-23 09:30:00,208.0,Medium,7.35,Chat
2565,2024-04-23 10:00:00,226.0,High,2.57,Chat
2566,2024-04-23 10:30:00,226.0,High,6.72,Chat
2567,2024-04-23 11:00:00,233.0,High,17.8,Chat
2568,2024-04-23 11:30:00,217.0,High,23.79,Unknown
2569,2024-04-23 12:00:00,,Low,12.69,Email
2570,2024-04-23 12:30:00,250.0,Medium,11.1,Chat
2571,2024-04-23 13:00:00,226.0,High,9.01,Phone
2572,2024-04-23 13:30:00,250.0,Medium,5.47,Email
2573,2024-04-23 14:00:00,,High,7.4,Phone
2574,2024-04-23 14:30:00,220.0,High,13.14,Phone
2575,2024-04-23 15:00:00,253.0,Medium,2.73,Email
2576,2024-04-23 15:30:00,237.0,Low,8.5,Email
2577,2024-04-23 16:00:00,210.0,Low,11.07,Chat
2578,2024-04-23 16:30:00,254.0,Medium,11.99,Unknown
2579,2024-04-23 17:00:00,252.0,Medium,2.46,Phone
2580,2024-04-23 17:30:00,221.0,High,26.82,Phone
2581,2024-04-23 18:00:00,211.0,High,14.99,Chat
2582,2024-04-23 18:30:00,233.0,Low,4.83,Phone
2583,2024-04-23 19:00:00,235.0,Medium,7.07,Chat
2584,2024-04-23 19:30:00,226.0,High,17.34,Chat
2585,2024-04-23 20:00:00,242.0,High,19.44,Chat
2586,2024-04-23 20:30:00,239.0,High,5.43,Phone
2587,2024-04-23 21:00:00,247.0,Medium,4.38,Email
2588,2024-04-23 21:30:00,257.0,Medium,23.19,Chat
2589,2024-04-23 22:00:00,245.0,Medium,14.47,Email
2590,2024-04-23 22:30:00,208.0,Low,9.56,Phone
2591,2024-04-23 23:00:00,200.0,Low,6.82,Chat
2592,2024-04-23 23:30:00,257.0,High,8.99,Unknown
2593,2024-04-24 00:00:00,248.0,Medium,4.45,Email
2594,2024-04-24 00:30:00,239.0,Medium,19.37,Chat
2595,2024-04-24 01:00:00,215.0,Medium,11.86,Unknown
2596,2024-04-24 01:30:00,247.0,High,12.97,Chat
2597,2024-04-24 02:00:00,206.0,High,42.99,Phone
2598,2024-04-24 02:30:00,238.0,High,13.44,Phone
2599,2024-04-24 03:00:00,222.0,High,4.05,Chat
2600,2024-04-24 03:30:00,252.0,Medium,6.24,Email
2601,2024-04-24 04:00:00,240.0,Medium,20.62,Chat
2602,2024-04-24 04:30:00,219.0,High,23.61,Chat
2603,2024-04-24 05:00:00,247.0,High,12.02,Email
2604,2024-04-24 05:30:00,242.0,High,7.92,Email
2605,2024-04-24 06:00:00,215.0,Low,18.73,Email
2606,2024-04-24 06:30:00,215.0,Low,4.11,Phone
2607,2024-04-24 07:00:00,223.0,Low,4.62,Email
2608,2024-04-24 07:30:00,230.0,Medium,9.1,Phone
2609,2024-04-24 08:00:00,216.0,Medium,14.06,Chat
2610,2024-04-24 08:30:00,240.0,Medium,11.71,Phone
2611,2024-04-24 09:00:00,231.0,Medium,12.58,Chat
2612,2024-04-24 09:30:00,212.0,High,3.33,Phone
2613,2024-04-24 10:00:00,242.0,High,7.44,Email
2614,2024-04-24 10:30:00,203.0,Medium,9.59,Phone
2615,2024-04-24 11:00:00,255.0,High,7.49,Chat
2616,2024-04-24 11:30:00,247.0,Medium,6.29,Email
2617,2024-04-24 12:00:00,205.0,High,15.13,Email
2618,2024-04-24 12:30:00,248.0,High,8.02,Email
2619,2024-04-24 13:00:00,219.0,High,4.85,Chat
2620,2024-04-24 13:30:00,239.0,Medium,20.9,Phone
2621,2024-04-24 14:00:00,214.0,Medium,11.12,Email
2622,2024-04-24 14:30:00,219.0,High,2.01,Email
2623,2024-04-24 15:00:00,200.0,Medium,13.85,Email
2624,2024-04-24 15:30:00,239.0,Low,34.36,Chat
2625,2024-04-24 16:00:00,235.0,Medium,19.13,Email
2626,2024-04-24 16:30:00,205.0,Medium,22.19,Email
2627,2024-04-24 17:00:00,216.0,Low,24.29,Phone
2628,2024-04-24 17:30:00,239.0,Low,13.83,Chat
2629,2024-04-24 18:00:00,247.0,Medium,5.77,Email
2630,2024-04-24 18:30:00,234.0,High,20.67,Phone
2631,2024-04-24 19:00:00,209.0,Medium,3.58,Email
2632,2024-04-24 19:30:00,237.0,High,11.0,Phone
2633,2024-04-24 20:00:00,213.0,Medium,15.76,Phone
2634,2024-04-24 20:30:00,226.0,Low,12.84,Chat
2635,2024-04-24 21:00:00,228.0,Low,7.6,Email
2636,2024-04-24 21:30:00,213.0,Low,3.7,Email
2637,2024-04-24 22:00:00,248.0,Low,33.35,Phone
2638,2024-04-24 22:30:00,243.0,Medium,17.05,Phone
2639,2024-04-24 23:00:00,206.0,High,6.4,Unknown
2640,2024-04-24 23:30:00,227.0,Low,4.05,Email
2641,2024-04-25 00:00:00,206.0,High,11.41,Chat
2642,2024-04-25 00:30:00,244.0,Medium,11.02,Phone
2643,2024-04-25 01:00:00,223.0,High,11.75,Chat
2644,2024-04-25 01:30:00,221.0,High,25.68,Chat
2645,2024-04-25 02:00:00,214.0,Medium,5.62,Email
2646,2024-04-25 02:30:00,205.0,Medium,14.15,Phone
2647,2024-04-25 03:00:00,208.0,Medium,2.17,Email
2648,2024-04-25 03:30:00,232.0,Low,8.4,Phone
2649,2024-04-25 04:00:00,243.0,High,26.57,Chat
2650,2024-04-25 04:30:00,237.0,Medium,3.21,Phone
2651,2024-04-25 05:00:00,213.0,Medium,18.1,Phone
2652,2024-04-25 05:30:00,255.0,Low,7.55,Chat
2653,2024-04-25 06:00:00,,High,8.98,Chat
2654,2024-04-25 06:30:00,253.0,High,6.62,Email
2655,2024-04-25 07:00:00,200.0,High,14.68,Phone
2656,2024-04-25 07:30:00,203.0,Low,15.54,Email
2657,2024-04-25 08:00:00,203.0,Low,19.64,Email
2658,2024-04-25 08:30:00,246.0,High,7.72,Email
2659,2024-04-25 09:00:00,222.0,Medium,5.61,Email
2660,2024-04-25 09:30:00,215.0,Medium,22.6,Email
2661,2024-04-25 10:00:00,235.0,High,6.27,Email
2662,2024-04-25 10:30:00,241.0,High,15.45,Chat
2663,2024-04-25 11:00:00,226.0,Medium,5.92,Email
2664,2024-04-25 11:30:00,222.0,High,15.17,Email
2665,2024-04-25 12:00:00,223.0,Medium,53.6,Email
2666,2024-04-25 12:30:00,219.0,Low,17.94,Chat
2667,2024-04-25 13:00:00,222.0,Medium,5.7,Chat
2668,2024-04-25 13:30:00,229.0,High,10.89,Chat
2669,2024-04-25 14:00:00,219.0,Medium,12.46,Email
2670,2024-04-25 14:30:00,231.0,High,9.89,Phone
2671,2024-04-25 15:00:00,238.0,Medium,18.14,Email
2672,2024-04-25 15:30:00,241.0,High,18.09,Chat
2673,2024-04-25 16:00:00,200.0,Low,12.6,Email
2674,2024-04-25 16:30:00,238.0,High,29.54,Phone
2675,2024-04-25 17:00:00,219.0,Low,4.98,Chat
2676,2024-04-25 17:30:00,240.0,Medium,6.31,Phone
2677,2024-04-25 18:00:00,257.0,Low,0.89,Chat
2678,2024-04-25 18:30:00,223.0,Low,12.06,Chat
2679,2024-04-25 19:00:00,206.0,Low,8.27,Email
2680,2024-04-25 19:30:00,240.0,High,14.12,Email
2681,2024-04-25 20:00:00,219.0,High,5.55,Chat
2682,2024-04-25 20:30:00,220.0,High,5.05,Phone
2683,2024-04-25 21:00:00,236.0,Medium,10.9,Phone
2684,2024-04-25 21:30:00,236.0,Low,6.14,Unknown
2685,2024-04-25 22:00:00,201.0,Low,13.14,Phone
2686,2024-04-25 22:30:00,227.0,Low,12.95,Chat
2687,2024-04-25 23:00:00,222.0,Low,9.74,Chat
2688,2024-04-25 23:30:00,233.0,Medium,17.46,Chat
2689,2024-04-26 00:00:00,237.0,Low,11.41,Unknown
2690,2024-04-26 00:30:00,201.0,High,7.73,Unknown
2691,2024-04-26 01:00:00,203.0,High,4.8,Phone
2692,2024-04-26 01:30:00,229.0,Medium,13.83,Email
2693,2024-04-26 02:00:00,250.0,Low,5.48,Chat
2694,2024-04-26 02:30:00,213.0,High,20.33,Chat
2695,2024-04-26 03:00:00,206.0,Low,13.48,Phone
2696,2024-04-26 03:30:00,223.0,High,6.93,Chat
2697,2024-04-26 04:00:00,216.0,High,4.04,Phone
2698,2024-04-26 04:30:00,204.0,High,3.48,Phone
2699,2024-04-26 05:00:00,255.0,High,25.49,Chat
2700,2024-04-26 05:30:00,239.0,High,1.08,Email
2701,2024-04-26 06:00:00,247.0,High,5.43,Phone
2702,2024-04-26 06:30:00,253.0,High,49.42,Chat
2703,2024-04-26 07:00:00,238.0,High,19.38,Phone
2704,2024-04-26 07:30:00,221.0,High,30.35,Email
2705,2024-04-26 08:00:00,200.0,Low,15.76,Chat
2706,2024-04-26 08:30:00,206.0,Low,11.68,Email
2707,2024-04-26 09:00:00,218.0,High,14.81,Chat
2708,2024-04-26 09:30:00,237.0,High,3.21,Unknown
2709,2024-04-26 10:00:00,239.0,High,5.6,Phone
2710,2024-04-26 10:30:00,207.0,Low,4.35,Phone
2711,2024-04-26 11:00:00,215.0,Low,3.64,Phone
2712,2024-04-26 11:30:00,253.0,High,47.4,Email
2713,2024-04-26 12:00:00,217.0,High,4.94,Phone
2714,2024-04-26 12:30:00,207.0,Low,20.2,Phone
2715,2024-04-26 13:00:00,214.0,Low,1.34,Phone
2716,2024-04-26 13:30:00,221.0,High,1.05,Email
2717,2024-04-26 14:00:00,229.0,High,10.94,Chat
2718,2024-04-26 14:30:00,229.0,Medium,16.57,Chat
2719,2024-04-26 15:00:00,206.0,High,3.59,Email
2720,2024-04-26 15:30:00,207.0,High,8.59,Chat
2721,2024-04-26 16:00:00,212.0,Low,25.65,Chat
2722,2024-04-26 16:30:00,219.0,High,23.64,Email
2723,2024-04-26 17:00:00,257.0,High,4.84,Email
2724,2024-04-26 17:30:00,216.0,High,32.86,Email
2725,2024-04-26 18:00:00,221.0,Low,28.69,Chat
2726,2024-04-26 18:30:00,242.0,High,20.62,Phone
2727,2024-04-26 19:00:00,220.0,High,2.53,Phone
2728,2024-04-26 19:30:00,259.0,Medium,5.7,Email
2729,2024-04-26 20:00:00,229.0,Low,14.38,Phone
2730,2024-04-26 20:30:00,221.0,High,9.9,Phone
2731,2024-04-26 21:00:00,246.0,High,10.14,Phone
2732,2024-04-26 21:30:00,247.0,Low,14.82,Phone
2733,2024-04-26 22:00:00,239.0,Low,12.59,Chat
2734,2024-04-26 22:30:00,208.0,Low,18.04,Chat
2735,2024-04-26 23:00:00,217.0,Low,29.46,Email
2736,2024-04-26 23:30:00,234.0,High,12.73,Chat
2737,2024-04-27 00:00:00,222.0,Low,7.92,Email
2738,2024-04-27 00:30:00,,High,10.57,Chat
2739,2024-04-27 01:00:00,217.0,High,3.67,Chat
2740,2024-04-27 01:30:00,217.0,High,11.68,Chat
2741,2024-04-27 02:00:00,228.0,Low,23.7,Email
2742,2024-04-27 02:30:00,249.0,High,1.27,Chat
2743,2024-04-27 03:00:00,221.0,Low,1.58,Email
2744,2024-04-27 03:30:00,244.0,High,20.87,Chat
2745,2024-04-27 04:00:00,258.0,High,6.11,Phone
2746,2024-04-27 04:30:00,208.0,High,9.74,Email
2747,2024-04-27 05:00:00,255.0,High,14.71,Phone
2748,2024-04-27 05:30:00,217.0,High,32.83,Phone
2749,2024-04-27 06:00:00,205.0,High,20.56,Chat
2750,2024-04-27 06:30:00,249.0,Medium,20.78,Phone
2751,2024-04-27 07:00:00,200.0,High,17.4,Phone
2752,2024-04-27 07:30:00,259.0,High,5.17,Phone
2753,2024-04-27 08:00:00,212.0,Low,14.69,Chat
2754,2024-04-27 08:30:00,236.0,Medium,28.63,Chat
2755,2024-04-27 09:00:00,214.0,High,0.38,Email
2756,2024-04-27 09:30:00,252.0,High,1.27,Phone
2757,2024-04-27 10:00:00,242.0,High,16.21,Chat
2758,2024-04-27 10:30:00,259.0,High,3.59,Unknown
2759,2024-04-27 11:00:00,247.0,Low,8.32,Chat
2760,2024-04-27 11:30:00,244.0,High,13.22,Email
2761,2024-04-27 12:00:00,256.0,Low,31.42,Email
2762,2024-04-27 12:30:00,238.0,High,10.44,Email
2763,2024-04-27 13:00:00,212.0,High,12.64,Email
2764,2024-04-27 13:30:00,213.0,High,25.54,Chat
2765,2024-04-27 14:00:00,239.0,High,5.76,Chat
2766,2024-04-27 14:30:00,222.0,High,2.82,Chat
2767,2024-04-27 15:00:00,245.0,High,25.43,Chat
2768,2024-04-27 15:30:00,237.0,High,0.94,Phone
2769,2024-04-27 16:00:00,202.0,Low,2.17,Chat
2770,2024-04-27 16:30:00,255.0,Medium,3.3,Email
2771,2024-04-27 17:00:00,258.0,Low,18.03,Chat
2772,2024-04-27 17:30:00,218.0,High,18.54,Chat
2773,2024-04-27 18:00:00,217.0,Medium,15.66,Email
2774,2024-04-27 18:30:00,223.0,High,21.93,Chat
2775,2024-04-27 19:00:00,248.0,High,5.3,Chat
2776,2024-04-27 19:30:00,201.0,High,8.78,Email
2777,2024-04-27 20:00:00,210.0,High,6.38,Email
2778,2024-04-27 20:30:00,241.0,Low,10.82,Email
2779,2024-04-27 21:00:00,225.0,Medium,10.58,Email
2780,2024-04-27 21:30:00,226.0,Low,3.56,Email
2781,2024-04-27 22:00:00,256.0,Low,13.56,Email
2782,2024-04-27 22:30:00,247.0,Medium,16.24,Chat
2783,2024-04-27 23:00:00,206.0,High,17.63,Email
2784,2024-04-27 23:30:00,214.0,High,9.17,Email
2785,2024-04-28 00:00:00,215.0,High,12.38,Phone
2786,2024-04-28 00:30:00,239.0,High,8.25,Email
2787,2024-04-28 01:00:00,225.0,High,1.57,Phone
2788,2024-04-28 01:30:00,240.0,Medium,23.63,Chat
2789,2024-04-28 02:00:00,213.0,Low,24.02,Chat
2790,2024-04-28 02:30:00,,High,4.59,Phone
2791,2024-04-28 03:00:00,,High,8.39,Email
2792,2024-04-28 03:30:00,211.0,High,12.56,Email
2793,2024-04-28 04:00:00,212.0,High,14.58,Chat
2794,2024-04-28 04:30:00,224.0,Low,11.62,Unknown
2795,2024-04-28 05:00:00,240.0,Medium,10.34,Chat
2796,2024-04-28 05:30:00,244.0,Low,12.85,Chat
2797,2024-04-28 06:00:00,246.0,High,2.57,Chat
2798,2024-04-28 06:30:00,211.0,High,12.59,Email
2799,2024-04-28 07:00:00,234.0,Medium,8.93,Chat
2800,2024-04-28 07:30:00,205.0,High,37.12,Chat
2801,2024-04-28 08:00:00,207.0,High,31.38,Phone
2802,2024-04-28 08:30:00,227.0,High,14.46,Chat
2803,2024-04-28 09:00:00,241.0,High,7.89,Chat
2804,2024-04-28 09:30:00,214.0,Low,18.74,Email
2805,2024-04-28 10:00:00,210.0,Low,4.89,Chat
2806,2024-04-28 10:30:00,248.0,High,26.57,Email
2807,2024-04-28 11:00:00,,High,8.46,Email
2808,2024-04-28 11:30:00,249.0,Medium,11.38,Email
2809,2024-04-28 12:00:00,205.0,High,4.63,Chat
2810,2024-04-28 12:30:00,256.0,High,5.52,Email
2811,2024-04-28 13:00:00,248.0,High,32.98,Email
2812,2024-04-28 13:30:00,250.0,High,15.7,Email
2813,2024-04-28 14:00:00,206.0,High,8.46,Unknown
2814,2024-04-28 14:30:00,238.0,Low,21.55,Chat
2815,2024-04-28 15:00:00,232.0,High,9.12,Email
2816,2024-04-28 15:30:00,211.0,High,12.75,Chat
2817,2024-04-28 16:00:00,254.0,Medium,13.78,Phone
2818,2024-04-28 16:30:00,249.0,High,5.85,Chat
2819,2024-04-28 17:00:00,249.0,High,10.59,Email
2820,2024-04-28 17:30:00,243.0,High,19.3,Chat
2821,2024-04-28 18:00:00,210.0,High,14.67,Chat
2822,2024-04-28 18:30:00,244.0,Low,2.88,Phone
2823,2024-04-28 19:00:00,227.0,Low,8.28,Chat
2824,2024-04-28 19:30:00,241.0,High,44.38,Phone
2825,2024-04-28 20:00:00,235.0,High,4.64,Chat
2826,2024-04-28 20:30:00,249.0,High,6.23,Email
2827,2024-04-28 21:00:00,231.0,High,11.18,Phone
2828,2024-04-28 21:30:00,217.0,High,3.26,Email
2829,2024-04-28 22:00:00,239.0,Medium,1.65,Unknown
2830,2024-04-28 22:30:00,240.0,Low,25.52,Unknown
2831,2024-04-28 23:00:00,217.0,High,2.19,Chat
2832,2024-04-28 23:30:00,231.0,Low,22.29,Email
2833,2024-04-29 00:00:00,239.0,Medium,12.39,Email
2834,2024-04-29 00:30:00,220.0,High,13.63,Chat
2835,2024-04-29 01:00:00,210.0,Medium,34.91,Phone
2836,2024-04-29 01:30:00,219.0,Medium,4.0,Email
2837,2024-04-29 02:00:00,250.0,High,2.45,Chat
2838,2024-04-29 02:30:00,209.0,Low,22.35,Email
2839,2024-04-29 03:00:00,223.0,High,22.76,Chat
2840,2024-04-29 03:30:00,229.0,Low,14.13,Phone
2841,2024-04-29 04:00:00,247.0,Low,5.2,Chat
2842,2024-04-29 04:30:00,222.0,High,3.33,Chat
2843,2024-04-29 05:00:00,259.0,High,8.77,Email
2844,2024-04-29 05:30:00,225.0,High,14.11,Chat
2845,2024-04-29 06:00:00,227.0,Medium,3.65,Phone
2846,2024-04-29 06:30:00,251.0,High,21.9,Phone
2847,2024-04-29 07:00:00,227.0,Low,6.28,Phone
2848,2024-04-29 07:30:00,240.0,High,8.2,Email
2849,2024-04-29 08:00:00,221.0,High,22.03,Email
2850,2024-04-29 08:30:00,240.0,Low,7.47,Email
2851,2024-04-29 09:00:00,235.0,Medium,21.13,Email
2852,2024-04-29 09:30:00,259.0,High,12.5,Phone
2853,2024-04-29 10:00:00,223.0,Medium,5.61,Email
2854,2024-04-29 10:30:00,213.0,High,6.23,Phone
2855,2024-04-29 11:00:00,208.0,Low,15.02,Email
2856,2024-04-29 11:30:00,230.0,High,17.82,Phone
2857,2024-04-29 12:00:00,230.0,Low,18.24,Chat
2858,2024-04-29 12:30:00,205.0,High,24.43,Email
2859,2024-04-29 13:00:00,200.0,Low,17.6,Chat
2860,2024-04-29 13:30:00,223.0,Medium,16.09,Phone
2861,2024-04-29 14:00:00,202.0,High,10.14,Email
2862,2024-04-29 14:30:00,257.0,Low,10.34,Chat
2863,2024-04-29 15:00:00,247.0,High,4.24,Email
2864,2024-04-29 15:30:00,205.0,High,6.71,Unknown
2865,2024-04-29 16:00:00,246.0,Medium,10.57,Chat
2866,2024-04-29 16:30:00,245.0,Medium,7.93,Chat
2867,2024-04-29 17:00:00,243.0,High,1.52,Chat
2868,2024-04-29 17:30:00,251.0,Medium,3.66,Phone
2869,2024-04-29 18:00:00,242.0,High,27.3,Phone
2870,2024-04-29 18:30:00,230.0,High,3.3,Chat
2871,2024-04-29 19:00:00,243.0,Medium,24.28,Chat
2872,2024-04-29 19:30:00,247.0,High,13.62,Phone
2873,2024-04-29 20:00:00,235.0,High,16.16,Phone
2874,2024-04-29 20:30:00,226.0,High,16.56,Chat
2875,2024-04-29 21:00:00,234.0,Medium,7.34,Phone
2876,2024-04-29 21:30:00,221.0,High,5.4,Phone
2877,2024-04-29 22:00:00,224.0,High,7.01,Email
2878,2024-04-29 22:30:00,230.0,High,17.46,Chat
2879,2024-04-29 23:00:00,244.0,High,4.07,Email
2880,2024-04-29 23:30:00,211.0,High,11.06,Phone
2881,2024-04-30 00:00:00,225.0,Low,13.0,Email
2882,2024-04-30 00:30:00,218.0,Medium,15.32,Chat
2883,2024-04-30 01:00:00,209.0,High,14.15,Chat
2884,2024-04-30 01:30:00,218.0,Medium,3.05,Email
2885,2024-04-30 02:00:00,218.0,High,32.98,Email
2886,2024-04-30 02:30:00,259.0,High,6.44,Chat
2887,2024-04-30 03:00:00,223.0,High,17.15,Email
2888,2024-04-30 03:30:00,220.0,High,9.86,Phone
2889,2024-04-30 04:00:00,223.0,Low,9.22,Chat
2890,2024-04-30 04:30:00,213.0,High,6.68,Chat
2891,2024-04-30 05:00:00,254.0,Medium,27.63,Phone
2892,2024-04-30 05:30:00,256.0,Low,7.97,Phone
2893,2024-04-30 06:00:00,223.0,High,3.43,Email
2894,2024-04-30 06:30:00,208.0,Low,3.17,Phone
2895,2024-04-30 07:00:00,201.0,High,6.4,Email
2896,2024-04-30 07:30:00,257.0,High,21.43,Unknown
2897,2024-04-30 08:00:00,249.0,High,7.91,Phone
2898,2024-04-30 08:30:00,251.0,High,11.2,Chat
2899,2024-04-30 09:00:00,235.0,High,22.08,Email
2900,2024-04-30 09:30:00,238.0,Medium,18.55,Phone
2901,2024-04-30 10:00:00,246.0,High,19.6,Chat
2902,2024-04-30 10:30:00,225.0,High,16.58,Phone
2903,2024-04-30 11:00:00,249.0,High,11.02,Chat
2904,2024-04-30 11:30:00,211.0,Low,12.6,Unknown
2905,2024-04-30 12:00:00,226.0,Medium,15.3,Chat
2906,2024-04-30 12:30:00,206.0,Medium,12.7,Phone
2907,2024-04-30 13:00:00,246.0,Medium,11.53,Email
2908,2024-04-30 13:30:00,206.0,High,7.17,Phone
2909,2024-04-30 14:00:00,230.0,High,4.96,Email
2910,2024-04-30 14:30:00,220.0,Medium,8.88,Email
2911,2024-04-30 15:00:00,259.0,Medium,5.58,Chat
2912,2024-04-30 15:30:00,224.0,High,2.63,Email
2913,2024-04-30 16:00:00,208.0,Medium,20.02,Chat
2914,2024-04-30 16:30:00,255.0,High,4.38,Chat
2915,2024-04-30 17:00:00,233.0,High,19.58,Email
2916,2024-04-30 17:30:00,232.0,Low,16.15,Email
2917,2024-04-30 18:00:00,238.0,Medium,10.59,Phone
2918,2024-04-30 18:30:00,259.0,High,29.02,Chat
2919,2024-04-30 19:00:00,,Low,2.91,Chat
2920,2024-04-30 19:30:00,243.0,Medium,11.11,Unknown
2921,2024-04-30 20:00:00,227.0,Low,25.74,Email
2922,2024-04-30 20:30:00,208.0,Low,13.48,Chat
2923,2024-04-30 21:00:00,254.0,High,5.63,Email
2924,2024-04-30 21:30:00,233.0,Medium,3.3,Phone
2925,2024-04-30 22:00:00,254.0,High,11.32,Phone
2926,2024-04-30 22:30:00,209.0,Medium,2.72,Chat
2927,2024-04-30 23:00:00,240.0,High,18.47,Chat
2928,2024-04-30 23:30:00,202.0,High,16.28,Phone
2929,2024-05-01 00:00:00,259.0,High,0.89,Chat
2930,2024-05-01 00:30:00,256.0,High,6.97,Chat
2931,2024-05-01 01:00:00,253.0,Low,25.86,Email
2932,2024-05-01 01:30:00,220.0,Low,17.54,Phone
2933,2024-05-01 02:00:00,241.0,High,4.24,Phone
2934,2024-05-01 02:30:00,211.0,Low,3.4,Chat
2935,2024-05-01 03:00:00,250.0,Low,3.55,Chat
2936,2024-05-01 03:30:00,,High,5.23,Chat
2937,2024-05-01 04:00:00,244.0,Low,14.81,Chat
2938,2024-05-01 04:30:00,239.0,High,12.52,Phone
2939,2024-05-01 05:00:00,217.0,Low,26.59,Email
2940,2024-05-01 05:30:00,227.0,High,14.48,Phone
2941,2024-05-01 06:00:00,228.0,Medium,21.21,Phone
2942,2024-05-01 06:30:00,200.0,Medium,9.01,Chat
2943,2024-05-01 07:00:00,203.0,Low,7.11,Email
2944,2024-05-01 07:30:00,242.0,High,5.68,Chat
2945,2024-05-01 08:00:00,,High,3.45,Phone
2946,2024-05-01 08:30:00,215.0,High,33.49,Email
2947,2024-05-01 09:00:00,226.0,Low,4.82,Chat
2948,2024-05-01 09:30:00,246.0,High,21.7,Phone
2949,2024-05-01 10:00:00,240.0,Low,7.49,Email
2950,2024-05-01 10:30:00,229.0,Low,15.29,Phone
2951,2024-05-01 11:00:00,251.0,High,16.21,Chat
2952,2024-05-01 11:30:00,232.0,High,24.97,Email
2953,2024-05-01 12:00:00,200.0,Low,6.13,Phone
2954,2024-05-01 12:30:00,227.0,Low,12.21,Email
2955,2024-05-01 13:00:00,214.0,High,7.54,Phone
2956,2024-05-01 13:30:00,240.0,Low,16.39,Chat
2957,2024-05-01 14:00:00,206.0,Medium,23.23,Email
2958,2024-05-01 14:30:00,259.0,High,4.83,Email
2959,2024-05-01 15:00:00,236.0,Low,18.69,Email
2960,2024-05-01 15:30:00,247.0,High,7.95,Chat
2961,2024-05-01 16:00:00,227.0,High,2.19,Phone
2962,2024-05-01 16:30:00,,Medium,4.77,Chat
2963,2024-05-01 17:00:00,226.0,High,14.65,Chat
2964,2024-05-01 17:30:00,229.0,Medium,11.92,Chat
2965,2024-05-01 18:00:00,225.0,High,5.46,Phone
2966,2024-05-01 18:30:00,214.0,Low,7.88,Email
2967,2024-05-01 19:00:00,212.0,High,11.14,Email
2968,2024-05-01 19:30:00,206.0,High,18.52,Chat
2969,2024-05-01 20:00:00,229.0,High,4.46,Phone
2970,2024-05-01 20:30:00,211.0,High,3.94,Email
2971,2024-05-01 21:00:00,237.0,High,21.07,Phone
2972,2024-05-01 21:30:00,214.0,Low,8.45,Email
2973,2024-05-01 22:00:00,226.0,Medium,4.0,Phone
2974,2024-05-01 22:30:00,257.0,High,23.0,Chat
2975,2024-05-01 23:00:00,231.0,High,13.86,Phone
2976,2024-05-01 23:30:00,244.0,High,6.02,Chat
2977,2024-05-02 00:00:00,240.0,High,9.74,Chat
2978,2024-05-02 00:30:00,251.0,Low,10.91,Chat
2979,2024-05-02 01:00:00,203.0,Medium,4.14,Email
2980,2024-05-02 01:30:00,241.0,High,4.94,Email
2981,2024-05-02 02:00:00,214.0,High,26.48,Chat
2982,2024-05-02 02:30:00,218.0,Medium,13.29,Email
2983,2024-05-02 03:00:00,254.0,Medium,11.52,Email
2984,2024-05-02 03:30:00,223.0,Low,11.57,Email
2985,2024-05-02 04:00:00,230.0,High,8.3,Email
2986,2024-05-02 04:30:00,226.0,High,10.49,Phone
2987,2024-05-02 05:00:00,206.0,High,20.53,Chat
2988,2024-05-02 05:30:00,217.0,Low,8.1,Chat
2989,2024-05-02 06:00:00,209.0,High,16.39,Phone
2990,2024-05-02 06:30:00,225.0,Medium,1.81,Email
2991,2024-05-02 07:00:00,200.0,High,9.91,Phone
2992,2024-05-02 07:30:00,246.0,High,17.06,Phone
2993,2024-05-02 08:00:00,232.0,High,12.54,Chat
2994,2024-05-02 08:30:00,,Medium,5.6,Phone
2995,2024-05-02 09:00:00,259.0,High,14.9,Email
2996,2024-05-02 09:30:00,216.0,Low,27.76,Email
2997,2024-05-02 10:00:00,220.0,High,0.8,Email
2998,2024-05-02 10:30:00,228.0,High,11.78,Phone
2999,2024-05-02 11:00:00,232.0,High,11.28,Email
3000,2024-05-02 11:30:00,240.0,Low,12.06,Email
3001,2024-05-02 12:00:00,231.0,Low,4.04,Phone
3002,2024-05-02 12:30:00,238.0,Medium,24.67,Phone
3003,2024-05-02 13:00:00,218.0,Medium,4.28,Chat
3004,2024-05-02 13:30:00,243.0,High,9.98,Email
3005,2024-05-02 14:00:00,251.0,High,16.46,Chat
3006,2024-05-02 14:30:00,206.0,High,18.39,Chat
3007,2024-05-02 15:00:00,207.0,High,27.72,Phone
3008,2024-05-02 15:30:00,210.0,High,4.18,Chat
3009,2024-05-02 16:00:00,219.0,High,5.77,Email
3010,2024-05-02 16:30:00,218.0,Medium,17.81,Email
3011,2024-05-02 17:00:00,246.0,Low,15.5,Phone
3012,2024-05-02 17:30:00,216.0,High,9.75,Email
3013,2024-05-02 18:00:00,253.0,Low,9.94,Phone
3014,2024-05-02 18:30:00,245.0,High,9.22,Phone
3015,2024-05-02 19:00:00,256.0,Medium,8.5,Chat
3016,2024-05-02 19:30:00,259.0,Low,2.22,Email
3017,2024-05-02 20:00:00,204.0,High,23.92,Phone
3018,2024-05-02 20:30:00,240.0,High,2.69,Email
3019,2024-05-02 21:00:00,252.0,High,14.37,Email
3020,2024-05-02 21:30:00,201.0,Low,6.08,Email
3021,2024-05-02 22:00:00,209.0,Medium,23.06,Chat
3022,2024-05-02 22:30:00,217.0,High,5.34,Phone
3023,2024-05-02 23:00:00,212.0,Low,5.41,Chat
3024,2024-05-02 23:30:00,248.0,Low,19.19,Phone
3025,2024-05-03 00:00:00,207.0,Medium,4.21,Email
3026,2024-05-03 00:30:00,255.0,Low,16.4,Phone
3027,2024-05-03 01:00:00,221.0,High,7.08,Phone
3028,2024-05-03 01:30:00,235.0,Low,9.63,Phone
3029,2024-05-03 02:00:00,224.0,Medium,20.87,Chat
3030,2024-05-03 02:30:00,220.0,High,18.62,Email
3031,2024-05-03 03:00:00,251.0,High,6.84,Email
3032,2024-05-03 03:30:00,221.0,Low,14.4,Email
3033,2024-05-03 04:00:00,258.0,Medium,14.92,Unknown
3034,2024-05-03 04:30:00,238.0,High,17.2,Phone
3035,2024-05-03 05:00:00,221.0,High,6.54,Phone
3036,2024-05-03 05:30:00,251.0,Low,31.38,Chat
3037,2024-05-03 06:00:00,216.0,High,5.66,Email
3038,2024-05-03 06:30:00,220.0,Medium,3.07,Phone
3039,2024-05-03 07:00:00,253.0,Low,7.95,Chat
3040,2024-05-03 07:30:00,211.0,Low,11.07,Chat
3041,2024-05-03 08:00:00,253.0,High,42.99,Chat
3042,2024-05-03 08:30:00,200.0,High,4.78,Chat
3043,2024-05-03 09:00:00,200.0,High,9.5,Email
3044,2024-05-03 09:30:00,208.0,Low,6.02,Phone
3045,2024-05-03 10:00:00,236.0,Medium,10.77,Email
3046,2024-05-03 10:30:00,251.0,High,8.38,Phone
3047,2024-05-03 11:00:00,250.0,High,23.15,Phone
3048,2024-05-03 11:30:00,237.0,Medium,4.94,Chat
3049,2024-05-03 12:00:00,,Low,5.97,Email
3050,2024-05-03 12:30:00,259.0,High,14.54,Chat
3051,2024-05-03 13:00:00,256.0,Medium,10.24,Chat
3052,2024-05-03 13:30:00,204.0,High,20.84,Email
3053,2024-05-03 14:00:00,233.0,Medium,6.49,Email
3054,2024-05-03 14:30:00,221.0,Medium,19.14,Unknown
3055,2024-05-03 15:00:00,208.0,High,6.73,Chat
3056,2024-05-03 15:30:00,247.0,High,5.21,Chat
3057,2024-05-03 16:00:00,232.0,High,18.19,Email
3058,2024-05-03 16:30:00,239.0,Low,12.28,Chat
3059,2024-05-03 17:00:00,,Medium,11.98,Phone
3060,2024-05-03 17:30:00,204.0,Medium,3.82,Email
3061,2024-05-03 18:00:00,252.0,High,6.26,Phone
3062,2024-05-03 18:30:00,224.0,Low,12.43,Email
3063,2024-05-03 19:00:00,213.0,Medium,5.92,Email
3064,2024-05-03 19:30:00,238.0,High,4.13,Phone
3065,2024-05-03 20:00:00,218.0,High,5.85,Email
3066,2024-05-03 20:30:00,241.0,High,9.63,Phone
3067,2024-05-03 21:00:00,230.0,High,3.28,Email
3068,2024-05-03 21:30:00,227.0,Medium,18.44,Email
3069,2024-05-03 22:00:00,205.0,Low,2.75,Chat
3070,2024-05-03 22:30:00,211.0,Low,8.26,Email
3071,2024-05-03 23:00:00,251.0,High,11.19,Email
3072,2024-05-03 23:30:00,257.0,High,6.12,Chat
3073,2024-05-04 00:00:00,233.0,High,9.4,Phone
3074,2024-05-04 00:30:00,227.0,Low,1.63,Chat
3075,2024-05-04 01:00:00,210.0,Low,6.45,Phone
3076,2024-05-04 01:30:00,243.0,Medium,15.07,Email
3077,2024-05-04 02:00:00,238.0,Low,11.64,Phone
3078,2024-05-04 02:30:00,232.0,Low,7.68,Chat
3079,2024-05-04 03:00:00,216.0,Medium,13.14,Phone
3080,2024-05-04 03:30:00,204.0,Medium,7.4,Email
3081,2024-05-04 04:00:00,258.0,High,7.09,Chat
3082,2024-05-04 04:30:00,214.0,Medium,16.85,Email
3083,2024-05-04 05:00:00,239.0,High,7.19,Email
3084,2024-05-04 05:30:00,203.0,High,5.54,Chat
3085,2024-05-04 06:00:00,240.0,High,17.36,Chat
3086,2024-05-04 06:30:00,,Medium,36.91,Chat
3087,2024-05-04 07:00:00,241.0,High,1.25,Email
3088,2024-05-04 07:30:00,212.0,Low,23.94,Email
3089,2024-05-04 08:00:00,229.0,Low,28.51,Unknown
3090,2024-05-04 08:30:00,224.0,High,5.6,Email
3091,2024-05-04 09:00:00,230.0,High,2.98,Chat
3092,2024-05-04 09:30:00,219.0,Medium,4.35,Phone
3093,2024-05-04 10:00:00,220.0,Low,15.74,Chat
3094,2024-05-04 10:30:00,221.0,Medium,5.08,Chat
3095,2024-05-04 11:00:00,238.0,High,1.87,Email
3096,2024-05-04 11:30:00,249.0,Medium,1.95,Email
3097,2024-05-04 12:00:00,221.0,Low,13.83,Unknown
3098,2024-05-04 12:30:00,201.0,Medium,9.87,Chat
3099,2024-05-04 13:00:00,211.0,High,9.95,Email
3100,2024-05-04 13:30:00,206.0,High,7.84,Phone
3101,2024-05-04 14:00:00,237.0,High,21.56,Phone
3102,2024-05-04 14:30:00,248.0,Low,7.77,Phone
3103,2024-05-04 15:00:00,212.0,Low,10.29,Email
3104,2024-05-04 15:30:00,232.0,Medium,20.99,Chat
3105,2024-05-04 16:00:00,228.0,High,14.17,Phone
3106,2024-05-04 16:30:00,226.0,Medium,2.82,Email
3107,2024-05-04 17:00:00,253.0,Low,27.57,Unknown
3108,2024-05-04 17:30:00,216.0,Medium,4.83,Chat
3109,2024-05-04 18:00:00,237.0,High,3.43,Chat
3110,2024-05-04 18:30:00,232.0,High,13.66,Phone
3111,2024-05-04 19:00:00,252.0,Low,2.58,Email
3112,2024-05-04 19:30:00,213.0,Medium,6.04,Chat
3113,2024-05-04 20:00:00,256.0,Low,18.78,Chat
3114,2024-05-04 20:30:00,251.0,Medium,13.77,Email
3115,2024-05-04 21:00:00,226.0,Medium,9.93,Email
3116,2024-05-04 21:30:00,249.0,Medium,22.92,Email
3117,2024-05-04 22:00:00,238.0,Low,6.57,Chat
3118,2024-05-04 22:30:00,,High,4.12,Chat
3119,2024-05-04 23:00:00,251.0,High,21.55,Email
3120,2024-05-04 23:30:00,201.0,Low,25.15,Chat
3121,2024-05-05 00:00:00,208.0,Medium,10.61,Email
3122,2024-05-05 00:30:00,253.0,High,13.98,Phone
3123,2024-05-05 01:00:00,247.0,High,15.45,Email
3124,2024-05-05 01:30:00,,High,8.87,Email
3125,2024-05-05 02:00:00,,High,1.06,Chat
3126,2024-05-05 02:30:00,239.0,Medium,15.31,Chat
3127,2024-05-05 03:00:00,214.0,Low,7.47,Phone
3128,2024-05-05 03:30:00,251.0,Low,12.17,Chat
3129,2024-05-05 04:00:00,259.0,High,9.45,Phone
3130,2024-05-05 04:30:00,247.0,High,21.32,Chat
3131,2024-05-05 05:00:00,237.0,High,13.36,Chat
3132,2024-05-05 05:30:00,251.0,Medium,9.94,Chat
3133,2024-05-05 06:00:00,248.0,Medium,1.02,Chat
3134,2024-05-05 06:30:00,229.0,Low,6.92,Email
3135,2024-05-05 07:00:00,245.0,Medium,26.41,Phone
3136,2024-05-05 07:30:00,250.0,Low,32.03,Chat
3137,2024-05-05 08:00:00,201.0,Low,17.38,Phone
3138,2024-05-05 08:30:00,227.0,High,11.04,Email
3139,2024-05-05 09:00:00,256.0,Low,8.43,Phone
3140,2024-05-05 09:30:00,215.0,High,1.25,Chat
3141,2024-05-05 10:00:00,236.0,Low,4.83,Phone
3142,2024-05-05 10:30:00,228.0,High,13.46,Chat
3143,2024-05-05 11:00:00,235.0,High,7.32,Phone
3144,2024-05-05 11:30:00,220.0,High,15.03,Phone
3145,2024-05-05 12:00:00,238.0,Medium,13.96,Chat
3146,2024-05-05 12:30:00,246.0,Medium,25.29,Unknown
3147,2024-05-05 13:00:00,244.0,High,22.3,Chat
3148,2024-05-05 13:30:00,249.0,High,14.99,Email
3149,2024-05-05 14:00:00,215.0,Medium,16.42,Phone
3150,2024-05-05 14:30:00,208.0,High,23.86,Email
3151,2024-05-05 15:00:00,232.0,High,16.45,Phone
3152,2024-05-05 15:30:00,209.0,High,5.42,Chat
3153,2024-05-05 16:00:00,237.0,Medium,10.58,Unknown
3154,2024-05-05 16:30:00,223.0,High,14.3,Email
3155,2024-05-05 17:00:00,243.0,High,30.29,Email
3156,2024-05-05 17:30:00,227.0,High,10.39,Phone
3157,2024-05-05 18:00:00,233.0,Medium,4.0,Chat
3158,2024-05-05 18:30:00,257.0,High,29.93,Email
3159,2024-05-05 19:00:00,237.0,High,1.95,Phone
3160,2024-05-05 19:30:00,256.0,Low,11.46,Chat
3161,2024-05-05 20:00:00,214.0,High,7.83,Chat
3162,2024-05-05 20:30:00,258.0,Medium,8.91,Email
3163,2024-05-05 21:00:00,212.0,Low,31.71,Email
3164,2024-05-05 21:30:00,243.0,Low,5.66,Phone
3165,2024-05-05 22:00:00,202.0,High,3.03,Chat
3166,2024-05-05 22:30:00,240.0,High,8.96,Unknown
3167,2024-05-05 23:00:00,252.0,Low,8.13,Chat
3168,2024-05-05 23:30:00,216.0,High,13.85,Email
3169,2024-05-06 00:00:00,209.0,Low,6.96,Email
3170,2024-05-06 00:30:00,222.0,High,5.67,Chat
3171,2024-05-06 01:00:00,204.0,High,9.77,Phone
3172,2024-05-06 01:30:00,200.0,Low,8.64,Phone
3173,2024-05-06 02:00:00,225.0,High,4.61,Chat
3174,2024-05-06 02:30:00,249.0,Low,4.29,Email
3175,2024-05-06 03:00:00,224.0,Low,9.84,Email
3176,2024-05-06 03:30:00,216.0,Medium,17.65,Phone
3177,2024-05-06 04:00:00,213.0,Medium,10.72,Chat
3178,2024-05-06 04:30:00,204.0,Medium,5.28,Chat
3179,2024-05-06 05:00:00,223.0,Medium,5.41,Phone
3180,2024-05-06 05:30:00,218.0,Low,5.8,Phone
3181,2024-05-06 06:00:00,226.0,High,6.84,Chat
3182,2024-05-06 06:30:00,219.0,Low,35.4,Phone
3183,2024-05-06 07:00:00,235.0,High,15.01,Chat
3184,2024-05-06 07:30:00,243.0,High,7.78,Phone
3185,2024-05-06 08:00:00,200.0,Medium,2.93,Email
3186,2024-05-06 08:30:00,200.0,High,22.48,Phone
3187,2024-05-06 09:00:00,216.0,High,11.85,Email
3188,2024-05-06 09:30:00,213.0,Low,28.72,Email
3189,2024-05-06 10:00:00,205.0,Medium,22.34,Chat
3190,2024-05-06 10:30:00,253.0,Medium,8.0,Phone
3191,2024-05-06 11:00:00,205.0,Medium,15.83,Email
3192,2024-05-06 11:30:00,251.0,Medium,1.22,Phone
3193,2024-05-06 12:00:00,203.0,High,9.03,Chat
3194,2024-05-06 12:30:00,237.0,High,9.68,Chat
3195,2024-05-06 13:00:00,222.0,Low,8.54,Phone
3196,2024-05-06 13:30:00,233.0,High,5.02,Phone
3197,2024-05-06 14:00:00,,Medium,6.65,Chat
3198,2024-05-06 14:30:00,213.0,Medium,2.15,Email
3199,2024-05-06 15:00:00,206.0,Low,23.69,Email
3200,2024-05-06 15:30:00,252.0,High,2.85,Chat
3201,2024-05-06 16:00:00,243.0,High,4.6,Chat
3202,2024-05-06 16:30:00,245.0,Medium,40.13,Chat
3203,2024-05-06 17:00:00,237.0,Medium,6.39,Chat
3204,2024-05-06 17:30:00,230.0,Medium,23.16,Email
3205,2024-05-06 18:00:00,251.0,Medium,23.06,Phone
3206,2024-05-06 18:30:00,209.0,High,5.66,Chat
3207,2024-05-06 19:00:00,236.0,High,9.06,Chat
3208,2024-05-06 19:30:00,212.0,High,2.65,Email
3209,2024-05-06 20:00:00,239.0,High,15.02,Chat
3210,2024-05-06 20:30:00,222.0,High,32.49,Chat
3211,2024-05-06 21:00:00,225.0,Low,17.0,Email
3212,2024-05-06 21:30:00,219.0,Low,2.35,Email
3213,2024-05-06 22:00:00,235.0,Medium,40.34,Email
3214,2024-05-06 22:30:00,203.0,Low,9.02,Chat
3215,2024-05-06 23:00:00,246.0,High,20.92,Phone
3216,2024-05-06 23:30:00,224.0,Medium,10.9,Chat
3217,2024-05-07 00:00:00,258.0,Low,9.71,Email
3218,2024-05-07 00:30:00,226.0,High,24.37,Phone
3219,2024-05-07 01:00:00,207.0,Medium,32.45,Chat
3220,2024-05-07 01:30:00,217.0,High,14.83,Phone
3221,2024-05-07 02:00:00,227.0,High,24.06,Chat
3222,2024-05-07 02:30:00,223.0,High,4.51,Email
3223,2024-05-07 03:00:00,215.0,High,8.81,Chat
3224,2024-05-07 03:30:00,219.0,Medium,8.15,Email
3225,2024-05-07 04:00:00,243.0,Medium,5.22,Email
3226,2024-05-07 04:30:00,222.0,High,18.18,Email
3227,2024-05-07 05:00:00,209.0,High,7.38,Phone
3228,2024-05-07 05:30:00,237.0,Low,6.17,Chat
3229,2024-05-07 06:00:00,244.0,Low,10.51,Email
3230,2024-05-07 06:30:00,229.0,High,6.02,Phone
3231,2024-05-07 07:00:00,243.0,Low,1.32,Chat
3232,2024-05-07 07:30:00,211.0,High,7.97,Email
3233,2024-05-07 08:00:00,208.0,Medium,1.83,Phone
3234,2024-05-07 08:30:00,247.0,High,24.83,Phone
3235,2024-05-07 09:00:00,247.0,Low,16.17,Chat
3236,2024-05-07 09:30:00,230.0,High,14.73,Chat
3237,2024-05-07 10:00:00,229.0,High,9.97,Chat
3238,2024-05-07 10:30:00,227.0,Medium,5.45,Email
3239,2024-05-07 11:00:00,213.0,High,21.92,Email
3240,2024-05-07 11:30:00,242.0,Medium,8.94,Chat
3241,2024-05-07 12:00:00,222.0,High,18.04,Email
3242,2024-05-07 12:30:00,245.0,High,10.48,Phone
3243,2024-05-07 13:00:00,226.0,Low,14.47,Email
3244,2024-05-07 13:30:00,250.0,High,12.68,Chat
3245,2024-05-07 14:00:00,250.0,High,4.03,Phone
3246,2024-05-07 14:30:00,248.0,Medium,4.03,Email
3247,2024-05-07 15:00:00,216.0,Low,10.78,Email
3248,2024-05-07 15:30:00,240.0,Low,3.14,Chat
3249,2024-05-07 16:00:00,245.0,Low,6.92,Chat
3250,2024-05-07 16:30:00,243.0,High,8.02,Phone
3251,2024-05-07 17:00:00,252.0,High,11.95,Email
3252,2024-05-07 17:30:00,209.0,High,8.7,Email
3253,2024-05-07 18:00:00,239.0,Medium,19.81,Phone
3254,2024-05-07 18:30:00,241.0,High,9.8,Email
3255,2024-05-07 19:00:00,221.0,High,2.36,Email
3256,2024-05-07 19:30:00,215.0,Medium,6.22,Email
3257,2024-05-07 20:00:00,233.0,High,2.17,Chat
3258,2024-05-07 20:30:00,215.0,High,12.7,Phone
3259,2024-05-07 21:00:00,235.0,High,28.02,Chat
3260,2024-05-07 21:30:00,207.0,High,7.38,Phone
3261,2024-05-07 22:00:00,223.0,High,15.58,Email
3262,2024-05-07 22:30:00,223.0,High,24.67,Chat
3263,2024-05-07 23:00:00,244.0,High,8.33,Email
3264,2024-05-07 23:30:00,201.0,High,19.49,Email
3265,2024-05-08 00:00:00,221.0,High,20.0,Email
3266,2024-05-08 00:30:00,239.0,High,16.72,Chat
3267,2024-05-08 01:00:00,229.0,High,16.85,Phone
3268,2024-05-08 01:30:00,244.0,High,13.79,Email
3269,2024-05-08 02:00:00,,Low,2.05,Email
3270,2024-05-08 02:30:00,,Medium,3.39,Unknown
3271,2024-05-08 03:00:00,220.0,Low,6.41,Chat
3272,2024-05-08 03:30:00,207.0,Low,5.68,Email
3273,2024-05-08 04:00:00,205.0,Low,20.73,Phone
3274,2024-05-08 04:30:00,238.0,High,17.72,Email
3275,2024-05-08 05:00:00,207.0,Medium,11.36,Chat
3276,2024-05-08 05:30:00,250.0,High,15.8,Phone
3277,2024-05-08 06:00:00,234.0,High,8.96,Phone
3278,2024-05-08 06:30:00,202.0,High,7.88,Phone
3279,2024-05-08 07:00:00,247.0,Low,6.82,Phone
3280,2024-05-08 07:30:00,211.0,Low,9.06,Chat
3281,2024-05-08 08:00:00,259.0,High,4.5,Unknown
3282,2024-05-08 08:30:00,216.0,Low,8.01,Email
3283,2024-05-08 09:00:00,233.0,Medium,22.05,Email
3284,2024-05-08 09:30:00,227.0,High,1.0,Chat
3285,2024-05-08 10:00:00,221.0,Medium,6.94,Chat
3286,2024-05-08 10:30:00,210.0,High,47.5,Phone
3287,2024-05-08 11:00:00,203.0,Low,15.71,Email
3288,2024-05-08 11:30:00,232.0,Low,11.19,Chat
3289,2024-05-08 12:00:00,258.0,High,6.04,Chat
3290,2024-05-08 12:30:00,220.0,High,6.89,Email
3291,2024-05-08 13:00:00,218.0,Low,28.6,Chat
3292,2024-05-08 13:30:00,239.0,Medium,22.74,Phone
3293,2024-05-08 14:00:00,259.0,Low,21.57,Email
3294,2024-05-08 14:30:00,231.0,High,20.05,Phone
3295,2024-05-08 15:00:00,258.0,Medium,8.1,Phone
3296,2024-05-08 15:30:00,241.0,Medium,11.58,Chat
3297,2024-05-08 16:00:00,247.0,High,7.4,Email
3298,2024-05-08 16:30:00,214.0,Low,0.68,Phone
3299,2024-05-08 17:00:00,233.0,High,6.06,Chat
3300,2024-05-08 17:30:00,242.0,High,1.91,Chat
3301,2024-05-08 18:00:00,221.0,Low,13.54,Email
3302,2024-05-08 18:30:00,244.0,Medium,25.59,Phone
3303,2024-05-08 19:00:00,223.0,High,21.12,Phone
3304,2024-05-08 19:30:00,243.0,Medium,2.85,Phone
3305,2024-05-08 20:00:00,227.0,High,1.62,Unknown
3306,2024-05-08 20:30:00,204.0,Low,8.83,Email
3307,2024-05-08 21:00:00,205.0,High,11.99,Phone
3308,2024-05-08 21:30:00,256.0,Medium,6.38,Email
3309,2024-05-08 22:00:00,238.0,Low,12.99,Email
3310,2024-05-08 22:30:00,234.0,Low,5.37,Phone
3311,2024-05-08 23:00:00,246.0,High,12.27,Phone
3312,2024-05-08 23:30:00,216.0,Medium,22.44,Email
3313,2024-05-09 00:00:00,221.0,High,11.72,Email
3314,2024-05-09 00:30:00,226.0,High,10.54,Chat
3315,2024-05-09 01:00:00,239.0,Medium,8.4,Phone
3316,2024-05-09 01:30:00,231.0,Medium,20.8,Chat
3317,2024-05-09 02:00:00,216.0,Low,5.56,Email
3318,2024-05-09 02:30:00,231.0,High,10.0,Phone
3319,2024-05-09 03:00:00,222.0,Medium,6.68,Unknown
3320,2024-05-09 03:30:00,214.0,High,7.76,Email
3321,2024-05-09 04:00:00,211.0,Low,8.97,Phone
3322,2024-05-09 04:30:00,215.0,High,1.7,Unknown
3323,2024-05-09 05:00:00,232.0,Low,15.85,Chat
3324,2024-05-09 05:30:00,221.0,Low,26.04,Phone
3325,2024-05-09 06:00:00,225.0,Medium,27.57,Chat
3326,2024-05-09 06:30:00,246.0,High,30.61,Unknown
3327,2024-05-09 07:00:00,241.0,High,1.0,Chat
3328,2024-05-09 07:30:00,226.0,Low,8.07,Email
3329,2024-05-09 08:00:00,234.0,High,8.68,Phone
3330,2024-05-09 08:30:00,202.0,Medium,15.86,Email
3331,2024-05-09 09:00:00,224.0,Medium,8.29,Chat
3332,2024-05-09 09:30:00,227.0,High,10.62,Email
3333,2024-05-09 10:00:00,217.0,High,4.36,Email
3334,2024-05-09 10:30:00,212.0,High,21.67,Email
3335,2024-05-09 11:00:00,244.0,Medium,3.97,Chat
3336,2024-05-09 11:30:00,200.0,Medium,10.83,Chat
3337,2024-05-09 12:00:00,258.0,Low,38.37,Chat
3338,2024-05-09 12:30:00,258.0,Medium,12.04,Chat
3339,2024-05-09 13:00:00,237.0,High,8.07,Email
3340,2024-05-09 13:30:00,217.0,High,22.49,Email
3341,2024-05-09 14:00:00,217.0,Medium,18.75,Chat
3342,2024-05-09 14:30:00,232.0,Medium,9.36,Phone
3343,2024-05-09 15:00:00,240.0,Low,10.34,Phone
3344,2024-05-09 15:30:00,221.0,Medium,14.2,Chat
3345,2024-05-09 16:00:00,226.0,High,28.97,Unknown
3346,2024-05-09 16:30:00,203.0,Medium,7.4,Unknown
3347,2024-05-09 17:00:00,253.0,Low,15.34,Phone
3348,2024-05-09 17:30:00,254.0,Medium,6.08,Email
3349,2024-05-09 18:00:00,215.0,High,2.09,Phone
3350,2024-05-09 18:30:00,256.0,Medium,14.04,Email
3351,2024-05-09 19:00:00,250.0,High,4.38,Unknown
3352,2024-05-09 19:30:00,211.0,High,8.78,Chat
3353,2024-05-09 20:00:00,209.0,Medium,20.18,Email
3354,2024-05-09 20:30:00,225.0,High,4.49,Email
3355,2024-05-09 21:00:00,241.0,Medium,9.09,Chat
3356,2024-05-09 21:30:00,222.0,Medium,8.38,Chat
3357,2024-05-09 22:00:00,243.0,High,3.2,Chat
3358,2024-05-09 22:30:00,210.0,High,10.16,Chat
3359,2024-05-09 23:00:00,255.0,Low,15.35,Phone
3360,2024-05-09 23:30:00,239.0,High,2.3,Phone
3361,2024-05-10 00:00:00,215.0,High,7.12,Phone
3362,2024-05-10 00:30:00,246.0,High,13.0,Chat
3363,2024-05-10 01:00:00,224.0,Low,15.34,Email
3364,2024-05-10 01:30:00,245.0,Medium,12.59,Chat
3365,2024-05-10 02:00:00,242.0,High,38.86,Email
3366,2024-05-10 02:30:00,240.0,High,17.11,Chat
3367,2024-05-10 03:00:00,207.0,High,18.19,Chat
3368,2024-05-10 03:30:00,201.0,Low,7.47,Phone
3369,2024-05-10 04:00:00,241.0,High,14.63,Email
3370,2024-05-10 04:30:00,213.0,High,18.6,Email
3371,2024-05-10 05:00:00,204.0,High,10.9,Email
3372,2024-05-10 05:30:00,230.0,Medium,7.69,Chat
3373,2024-05-10 06:00:00,256.0,High,23.21,Chat
3374,2024-05-10 06:30:00,242.0,Medium,6.95,Chat
3375,2024-05-10 07:00:00,218.0,Low,5.13,Phone
3376,2024-05-10 07:30:00,223.0,High,12.24,Chat
3377,2024-05-10 08:00:00,241.0,Low,14.76,Phone
3378,2024-05-10 08:30:00,226.0,High,9.36,Unknown
3379,2024-05-10 09:00:00,233.0,Medium,6.07,Phone
3380,2024-05-10 09:30:00,250.0,High,13.86,Email
3381,2024-05-10 10:00:00,203.0,Medium,7.31,Email
3382,2024-05-10 10:30:00,201.0,High,6.98,Email
3383,2024-05-10 11:00:00,253.0,Medium,7.95,Chat
3384,2024-05-10 11:30:00,216.0,Low,2.26,Chat
3385,2024-05-10 12:00:00,249.0,Medium,4.99,Email
3386,2024-05-10 12:30:00,217.0,High,3.53,Chat
3387,2024-05-10 13:00:00,250.0,High,16.6,Email
3388,2024-05-10 13:30:00,259.0,High,14.88,Phone
3389,2024-05-10 14:00:00,255.0,Medium,1.87,Chat
3390,2024-05-10 14:30:00,213.0,Low,4.34,Email
3391,2024-05-10 15:00:00,231.0,Medium,9.4,Chat
3392,2024-05-10 15:30:00,202.0,High,31.08,Chat
3393,2024-05-10 16:00:00,216.0,Medium,10.94,Email
3394,2024-05-10 16:30:00,224.0,High,8.31,Phone
3395,2024-05-10 17:00:00,202.0,Medium,18.44,Chat
3396,2024-05-10 17:30:00,238.0,Low,10.72,Phone
3397,2024-05-10 18:00:00,211.0,Medium,7.71,Chat
3398,2024-05-10 18:30:00,209.0,Low,1.93,Unknown
3399,2024-05-10 19:00:00,239.0,Low,18.37,Email
3400,2024-05-10 19:30:00,250.0,Medium,25.69,Email
3401,2024-05-10 20:00:00,259.0,Low,10.62,Email
3402,2024-05-10 20:30:00,211.0,Medium,13.18,Phone
3403,2024-05-10 21:00:00,246.0,High,4.84,Email
3404,2024-05-10 21:30:00,242.0,Medium,16.92,Chat
3405,2024-05-10 22:00:00,248.0,High,8.54,Email
3406,2024-05-10 22:30:00,209.0,Medium,6.23,Phone
3407,2024-05-10 23:00:00,228.0,Low,26.94,Chat
3408,2024-05-10 23:30:00,252.0,High,14.58,Email
3409,2024-05-11 00:00:00,234.0,Low,20.7,Phone
3410,2024-05-11 00:30:00,212.0,High,14.28,Phone
3411,2024-05-11 01:00:00,200.0,Low,3.5,Chat
3412,2024-05-11 01:30:00,243.0,High,1.64,Phone
3413,2024-05-11 02:00:00,204.0,High,5.01,Phone
3414,2024-05-11 02:30:00,250.0,Low,14.91,Email
3415,2024-05-11 03:00:00,239.0,Medium,8.04,Phone
3416,2024-05-11 03:30:00,215.0,Low,8.54,Email
3417,2024-05-11 04:00:00,212.0,High,11.41,Phone
3418,2024-05-11 04:30:00,205.0,High,7.02,Email
3419,2024-05-11 05:00:00,220.0,High,6.67,Email
3420,2024-05-11 05:30:00,235.0,Medium,7.28,Chat
3421,2024-05-11 06:00:00,218.0,High,8.47,Email
3422,2024-05-11 06:30:00,229.0,High,3.4,Phone
3423,2024-05-11 07:00:00,237.0,High,14.57,Email
3424,2024-05-11 07:30:00,228.0,Medium,9.08,Chat
3425,2024-05-11 08:00:00,214.0,Low,10.86,Email
3426,2024-05-11 08:30:00,246.0,High,6.38,Email
3427,2024-05-11 09:00:00,243.0,High,18.7,Email
3428,2024-05-11 09:30:00,227.0,High,1.98,Chat
3429,2024-05-11 10:00:00,210.0,High,6.99,Chat
3430,2024-05-11 10:30:00,229.0,Low,19.36,Phone
3431,2024-05-11 11:00:00,221.0,Low,12.09,Chat
3432,2024-05-11 11:30:00,229.0,Low,11.61,Chat
3433,2024-05-11 12:00:00,207.0,High,3.95,Chat
3434,2024-05-11 12:30:00,227.0,Medium,3.13,Email
3435,2024-05-11 13:00:00,203.0,High,11.11,Chat
3436,2024-05-11 13:30:00,224.0,Low,10.22,Phone
3437,2024-05-11 14:00:00,241.0,Low,22.6,Unknown
3438,2024-05-11 14:30:00,209.0,Medium,5.56,Chat
3439,2024-05-11 15:00:00,207.0,High,7.51,Email
3440,2024-05-11 15:30:00,217.0,Low,6.7,Phone
3441,2024-05-11 16:00:00,254.0,High,6.47,Chat
3442,2024-05-11 16:30:00,215.0,Medium,8.52,Email
3443,2024-05-11 17:00:00,256.0,High,10.43,Email
3444,2024-05-11 17:30:00,214.0,Medium,9.59,Chat
3445,2024-05-11 18:00:00,203.0,Medium,13.86,Email
3446,2024-05-11 18:30:00,246.0,Medium,23.77,Chat
3447,2024-05-11 19:00:00,207.0,Medium,9.69,Unknown
3448,2024-05-11 19:30:00,206.0,Medium,6.79,Chat
3449,2024-05-11 20:00:00,232.0,High,24.07,Chat
3450,2024-05-11 20:30:00,212.0,Medium,6.9,Phone
3451,2024-05-11 21:00:00,236.0,High,8.63,Chat
3452,2024-05-11 21:30:00,231.0,High,8.67,Phone
3453,2024-05-11 22:00:00,242.0,Medium,11.31,Email
3454,2024-05-11 22:30:00,218.0,Low,25.19,Phone
3455,2024-05-11 23:00:00,216.0,High,29.41,Email
3456,2024-05-11 23:30:00,214.0,High,16.36,Email
3457,2024-05-12 00:00:00,244.0,High,8.05,Chat
3458,2024-05-12 00:30:00,222.0,Medium,28.77,Chat
3459,2024-05-12 01:00:00,251.0,High,5.18,Email
3460,2024-05-12 01:30:00,230.0,High,10.79,Phone
3461,2024-05-12 02:00:00,,Medium,29.84,Chat
3462,2024-05-12 02:30:00,240.0,Low,12.29,Phone
3463,2024-05-12 03:00:00,241.0,High,2.97,Chat
3464,2024-05-12 03:30:00,258.0,Low,11.38,Chat
3465,2024-05-12 04:00:00,227.0,High,12.3,Chat
3466,2024-05-12 04:30:00,251.0,Low,18.98,Chat
3467,2024-05-12 05:00:00,249.0,Low,3.04,Phone
3468,2024-05-12 05:30:00,225.0,High,27.64,Email
3469,2024-05-12 06:00:00,241.0,High,4.06,Chat
3470,2024-05-12 06:30:00,227.0,Medium,18.38,Email
3471,2024-05-12 07:00:00,239.0,Low,3.84,Phone
3472,2024-05-12 07:30:00,224.0,High,5.24,Chat
3473,2024-05-12 08:00:00,229.0,Medium,12.76,Phone
3474,2024-05-12 08:30:00,214.0,High,5.7,Phone
3475,2024-05-12 09:00:00,238.0,Low,8.98,Email
3476,2024-05-12 09:30:00,257.0,Low,21.46,Chat
3477,2024-05-12 10:00:00,221.0,High,8.66,Chat
3478,2024-05-12 10:30:00,204.0,Medium,4.05,Email
3479,2024-05-12 11:00:00,242.0,High,20.45,Email
3480,2024-05-12 11:30:00,212.0,Medium,8.83,Phone
3481,2024-05-12 12:00:00,241.0,Medium,1.81,Phone
3482,2024-05-12 12:30:00,239.0,Medium,12.57,Chat
3483,2024-05-12 13:00:00,256.0,Low,11.29,Chat
3484,2024-05-12 13:30:00,235.0,High,4.94,Email
3485,2024-05-12 14:00:00,207.0,High,11.23,Phone
3486,2024-05-12 14:30:00,216.0,Low,10.22,Unknown
3487,2024-05-12 15:00:00,216.0,High,9.34,Chat
3488,2024-05-12 15:30:00,256.0,High,8.44,Chat
3489,2024-05-12 16:00:00,251.0,High,2.13,Email
3490,2024-05-12 16:30:00,224.0,Medium,14.2,Email
3491,2024-05-12 17:00:00,252.0,Medium,11.33,Chat
3492,2024-05-12 17:30:00,235.0,Medium,4.03,Chat
3493,2024-05-12 18:00:00,218.0,High,13.42,Email
3494,2024-05-12 18:30:00,205.0,High,26.57,Chat
3495,2024-05-12 19:00:00,254.0,High,3.68,Email
3496,2024-05-12 19:30:00,253.0,Medium,13.6,Email
3497,2024-05-12 20:00:00,244.0,High,0.97,Chat
3498,2024-05-12 20:30:00,206.0,High,9.5,Phone
3499,2024-05-12 21:00:00,233.0,High,24.88,Email
3500,2024-05-12 21:30:00,223.0,Medium,3.83,Chat
3501,2024-05-12 22:00:00,240.0,High,3.53,Email
3502,2024-05-12 22:30:00,253.0,Medium,13.23,Phone
3503,2024-05-12 23:00:00,232.0,Medium,12.18,Email
3504,2024-05-12 23:30:00,256.0,Low,6.33,Email
3505,2024-05-13 00:00:00,211.0,Medium,15.31,Phone
3506,2024-05-13 00:30:00,254.0,Low,5.29,Email
3507,2024-05-13 01:00:00,252.0,Medium,15.16,Email
3508,2024-05-13 01:30:00,249.0,High,26.27,Chat
3509,2024-05-13 02:00:00,257.0,High,3.71,Phone
3510,2024-05-13 02:30:00,213.0,High,21.97,Chat
3511,2024-05-13 03:00:00,211.0,High,24.32,Chat
3512,2024-05-13 03:30:00,201.0,Medium,7.51,Chat
3513,2024-05-13 04:00:00,245.0,Medium,22.33,Email
3514,2024-05-13 04:30:00,227.0,High,7.83,Phone
3515,2024-05-13 05:00:00,217.0,Low,15.97,Phone
3516,2024-05-13 05:30:00,203.0,High,32.6,Chat
3517,2024-05-13 06:00:00,215.0,Low,14.02,Chat
3518,2024-05-13 06:30:00,257.0,Low,14.57,Unknown
3519,2024-05-13 07:00:00,204.0,High,4.94,Email
3520,2024-05-13 07:30:00,200.0,High,2.98,Email
3521,2024-05-13 08:00:00,215.0,High,7.84,Chat
3522,2024-05-13 08:30:00,219.0,Low,7.04,Chat
3523,2024-05-13 09:00:00,211.0,High,13.49,Email
3524,2024-05-13 09:30:00,,High,1.08,Phone
3525,2024-05-13 10:00:00,232.0,Medium,15.71,Chat
3526,2024-05-13 10:30:00,200.0,Medium,10.015,Email
3527,2024-05-13 11:00:00,258.0,Low,4.98,Phone
3528,2024-05-13 11:30:00,229.0,Medium,29.87,Chat
3529,2024-05-13 12:00:00,222.0,Low,4.8,Email
3530,2024-05-13 12:30:00,204.0,Medium,3.8,Chat
3531,2024-05-13 13:00:00,211.0,Medium,29.81,Email
3532,2024-05-13 13:30:00,253.0,High,3.16,Email
3533,2024-05-13 14:00:00,220.0,High,17.23,Chat
3534,2024-05-13 14:30:00,241.0,Medium,17.65,Email
3535,2024-05-13 15:00:00,209.0,Medium,5.27,Chat
3536,2024-05-13 15:30:00,222.0,High,18.63,Chat
3537,2024-05-13 16:00:00,219.0,High,4.58,Email
3538,2024-05-13 16:30:00,250.0,High,7.58,Email
3539,2024-05-13 17:00:00,223.0,High,19.55,Email
3540,2024-05-13 17:30:00,247.0,Low,18.57,Chat
3541,2024-05-13 18:00:00,255.0,High,10.93,Chat
3542,2024-05-13 18:30:00,219.0,Low,10.0,Email
3543,2024-05-13 19:00:00,212.0,Medium,1.74,Chat
3544,2024-05-13 19:30:00,250.0,High,9.67,Phone
3545,2024-05-13 20:00:00,255.0,Low,12.4,Email
3546,2024-05-13 20:30:00,255.0,Medium,6.05,Chat
3547,2024-05-13 21:00:00,207.0,Low,3.68,Email
3548,2024-05-13 21:30:00,237.0,Medium,26.71,Email
3549,2024-05-13 22:00:00,206.0,High,12.56,Phone
3550,2024-05-13 22:30:00,221.0,High,12.15,Email
3551,2024-05-13 23:00:00,224.0,High,1.76,Phone
3552,2024-05-13 23:30:00,254.0,High,22.15,Phone
3553,2024-05-14 00:00:00,243.0,High,10.14,Email
3554,2024-05-14 00:30:00,256.0,High,7.38,Phone
3555,2024-05-14 01:00:00,250.0,Low,4.49,Phone
3556,2024-05-14 01:30:00,220.0,High,11.23,Email
3557,2024-05-14 02:00:00,,Medium,8.49,Phone
3558,2024-05-14 02:30:00,205.0,High,15.3,Chat
3559,2024-05-14 03:00:00,212.0,Low,15.19,Email
3560,2024-05-14 03:30:00,252.0,Medium,20.46,Chat
3561,2024-05-14 04:00:00,203.0,Medium,8.63,Phone
3562,2024-05-14 04:30:00,239.0,High,25.87,Phone
3563,2024-05-14 05:00:00,253.0,Medium,4.21,Phone
3564,2024-05-14 05:30:00,213.0,High,10.16,Chat
3565,2024-05-14 06:00:00,241.0,Medium,5.69,Email
3566,2024-05-14 06:30:00,234.0,Low,5.88,Email
3567,2024-05-14 07:00:00,242.0,High,8.06,Email
3568,2024-05-14 07:30:00,218.0,High,27.29,Chat
3569,2024-05-14 08:00:00,206.0,High,1.12,Email
3570,2024-05-14 08:30:00,255.0,Low,4.51,Chat
3571,2024-05-14 09:00:00,206.0,High,6.18,Email
3572,2024-05-14 09:30:00,220.0,High,10.29,Chat
3573,2024-05-14 10:00:00,200.0,Medium,18.42,Chat
3574,2024-05-14 10:30:00,211.0,High,15.57,Phone
3575,2024-05-14 11:00:00,239.0,High,6.96,Email
3576,2024-05-14 11:30:00,202.0,High,5.29,Chat
3577,2024-05-14 12:00:00,213.0,Medium,4.04,Email
3578,2024-05-14 12:30:00,220.0,High,24.69,Chat
3579,2024-05-14 13:00:00,219.0,Low,22.34,Phone
3580,2024-05-14 13:30:00,259.0,High,4.63,Phone
3581,2024-05-14 14:00:00,211.0,Medium,29.97,Email
3582,2024-05-14 14:30:00,213.0,Low,17.29,Email
3583,2024-05-14 15:00:00,245.0,High,10.92,Phone
3584,2024-05-14 15:30:00,227.0,Low,9.73,Email
3585,2024-05-14 16:00:00,229.0,Low,11.43,Chat
3586,2024-05-14 16:30:00,258.0,Low,24.03,Email
3587,2024-05-14 17:00:00,212.0,Medium,1.82,Chat
3588,2024-05-14 17:30:00,200.0,High,18.72,Email
3589,2024-05-14 18:00:00,252.0,High,15.03,Chat
3590,2024-05-14 18:30:00,217.0,Medium,10.74,Email
3591,2024-05-14 19:00:00,219.0,High,5.47,Phone
3592,2024-05-14 19:30:00,249.0,Low,11.22,Chat
3593,2024-05-14 20:00:00,237.0,Low,5.3,Chat
3594,2024-05-14 20:30:00,205.0,Low,8.07,Chat
3595,2024-05-14 21:00:00,253.0,Low,2.22,Phone
3596,2024-05-14 21:30:00,255.0,High,9.34,Chat
3597,2024-05-14 22:00:00,200.0,High,0.89,Chat
3598,2024-05-14 22:30:00,250.0,Medium,9.48,Chat
3599,2024-05-14 23:00:00,210.0,High,3.15,Email
3600,2024-05-14 23:30:00,208.0,High,7.8,Chat
3601,2024-05-15 00:00:00,245.0,High,8.94,Phone
3602,2024-05-15 00:30:00,235.0,Medium,14.97,Chat
3603,2024-05-15 01:00:00,226.0,High,5.56,Email
3604,2024-05-15 01:30:00,233.0,High,3.43,Email
3605,2024-05-15 02:00:00,212.0,Medium,7.23,Email
3606,2024-05-15 02:30:00,241.0,High,16.6,Chat
3607,2024-05-15 03:00:00,221.0,High,17.11,Email
3608,2024-05-15 03:30:00,218.0,Medium,20.82,Email
3609,2024-05-15 04:00:00,233.0,Medium,19.5,Phone
3610,2024-05-15 04:30:00,223.0,Medium,16.84,Email
3611,2024-05-15 05:00:00,203.0,High,3.15,Phone
3612,2024-05-15 05:30:00,214.0,Low,34.12,Email
3613,2024-05-15 06:00:00,258.0,Medium,13.84,Phone
3614,2024-05-15 06:30:00,217.0,Medium,6.85,Email
3615,2024-05-15 07:00:00,223.0,Low,3.59,Chat
3616,2024-05-15 07:30:00,210.0,Medium,9.61,Email
3617,2024-05-15 08:00:00,203.0,High,3.03,Email
3618,2024-05-15 08:30:00,254.0,Medium,7.57,Chat
3619,2024-05-15 09:00:00,235.0,Low,17.71,Chat
3620,2024-05-15 09:30:00,253.0,Low,13.47,Email
3621,2024-05-15 10:00:00,249.0,Medium,18.63,Chat
3622,2024-05-15 10:30:00,221.0,Medium,0.13,Unknown
3623,2024-05-15 11:00:00,228.0,Medium,14.36,Chat
3624,2024-05-15 11:30:00,241.0,Low,23.56,Email
3625,2024-05-15 12:00:00,246.0,Medium,10.86,Chat
3626,2024-05-15 12:30:00,229.0,High,12.68,Chat
3627,2024-05-15 13:00:00,202.0,Medium,6.58,Chat
3628,2024-05-15 13:30:00,216.0,High,11.75,Phone
3629,2024-05-15 14:00:00,218.0,High,16.37,Phone
3630,2024-05-15 14:30:00,220.0,Low,4.84,Email
3631,2024-05-15 15:00:00,235.0,High,10.42,Email
3632,2024-05-15 15:30:00,257.0,Medium,10.99,Email
3633,2024-05-15 16:00:00,208.0,Medium,6.65,Unknown
3634,2024-05-15 16:30:00,220.0,Medium,5.44,Unknown
3635,2024-05-15 17:00:00,216.0,Low,34.32,Phone
3636,2024-05-15 17:30:00,234.0,Low,10.29,Chat
3637,2024-05-15 18:00:00,248.0,High,3.78,Email
3638,2024-05-15 18:30:00,256.0,Medium,11.4,Email
3639,2024-05-15 19:00:00,230.0,Low,13.49,Email
3640,2024-05-15 19:30:00,217.0,Low,16.31,Chat
3641,2024-05-15 20:00:00,213.0,High,21.94,Email
3642,2024-05-15 20:30:00,,Low,9.75,Email
3643,2024-05-15 21:00:00,202.0,High,22.7,Email
3644,2024-05-15 21:30:00,206.0,High,20.6,Chat
3645,2024-05-15 22:00:00,203.0,High,17.19,Email
3646,2024-05-15 22:30:00,243.0,Medium,8.77,Email
3647,2024-05-15 23:00:00,251.0,Low,30.22,Phone
3648,2024-05-15 23:30:00,248.0,High,6.97,Phone
3649,2024-05-16 00:00:00,216.0,Medium,8.21,Phone
3650,2024-05-16 00:30:00,250.0,Medium,8.64,Phone
3651,2024-05-16 01:00:00,200.0,High,11.65,Phone
3652,2024-05-16 01:30:00,258.0,High,21.6,Chat
3653,2024-05-16 02:00:00,235.0,Low,13.19,Chat
3654,2024-05-16 02:30:00,242.0,Medium,7.34,Chat
3655,2024-05-16 03:00:00,205.0,High,19.8,Email
3656,2024-05-16 03:30:00,258.0,Medium,6.13,Email
3657,2024-05-16 04:00:00,223.0,Low,7.12,Phone
3658,2024-05-16 04:30:00,216.0,Medium,12.06,Email
3659,2024-05-16 05:00:00,251.0,Medium,14.39,Phone
3660,2024-05-16 05:30:00,231.0,Medium,8.05,Phone
3661,2024-05-16 06:00:00,207.0,Low,5.95,Phone
3662,2024-05-16 06:30:00,212.0,High,4.94,Chat
3663,2024-05-16 07:00:00,221.0,High,8.26,Chat
3664,2024-05-16 07:30:00,205.0,Low,9.2,Phone
3665,2024-05-16 08:00:00,230.0,High,7.14,Email
3666,2024-05-16 08:30:00,226.0,Low,9.01,Chat
3667,2024-05-16 09:00:00,238.0,Medium,7.62,Chat
3668,2024-05-16 09:30:00,243.0,Medium,12.71,Chat
3669,2024-05-16 10:00:00,208.0,High,38.93,Email
3670,2024-05-16 10:30:00,246.0,High,8.67,Chat
3671,2024-05-16 11:00:00,,High,2.89,Chat
3672,2024-05-16 11:30:00,201.0,High,16.08,Phone
3673,2024-05-16 12:00:00,245.0,High,25.34,Unknown
3674,2024-05-16 12:30:00,256.0,High,7.89,Email
3675,2024-05-16 13:00:00,223.0,High,10.24,Phone
3676,2024-05-16 13:30:00,,Medium,21.55,Chat
3677,2024-05-16 14:00:00,233.0,Medium,7.37,Chat
3678,2024-05-16 14:30:00,217.0,High,8.02,Chat
3679,2024-05-16 15:00:00,212.0,High,1.74,Phone
3680,2024-05-16 15:30:00,249.0,High,5.64,Chat
3681,2024-05-16 16:00:00,236.0,High,19.94,Chat
3682,2024-05-16 16:30:00,253.0,Low,30.07,Chat
3683,2024-05-16 17:00:00,242.0,Medium,32.8,Unknown
3684,2024-05-16 17:30:00,244.0,High,6.47,Chat
3685,2024-05-16 18:00:00,247.0,High,3.82,Chat
3686,2024-05-16 18:30:00,219.0,High,8.12,Chat
3687,2024-05-16 19:00:00,207.0,High,6.09,Unknown
3688,2024-05-16 19:30:00,227.0,Medium,7.19,Email
3689,2024-05-16 20:00:00,258.0,High,11.97,Chat
3690,2024-05-16 20:30:00,250.0,Low,3.47,Chat
3691,2024-05-16 21:00:00,243.0,Medium,5.05,Phone
3692,2024-05-16 21:30:00,221.0,High,14.06,Email
3693,2024-05-16 22:00:00,212.0,Low,14.34,Chat
3694,2024-05-16 22:30:00,248.0,Low,14.22,Email
3695,2024-05-16 23:00:00,226.0,Low,2.84,Chat
3696,2024-05-16 23:30:00,246.0,Medium,11.77,Email
3697,2024-05-17 00:00:00,212.0,Medium,20.7,Email
3698,2024-05-17 00:30:00,228.0,High,8.43,Chat
3699,2024-05-17 01:00:00,247.0,High,4.27,Email
3700,2024-05-17 01:30:00,253.0,High,7.19,Chat
3701,2024-05-17 02:00:00,202.0,High,21.52,Email
3702,2024-05-17 02:30:00,223.0,Low,20.0,Email
3703,2024-05-17 03:00:00,216.0,Medium,4.37,Email
3704,2024-05-17 03:30:00,244.0,Low,5.34,Chat
3705,2024-05-17 04:00:00,246.0,High,12.29,Chat
3706,2024-05-17 04:30:00,238.0,High,23.1,Unknown
3707,2024-05-17 05:00:00,244.0,High,25.16,Email
3708,2024-05-17 05:30:00,219.0,High,0.66,Phone
3709,2024-05-17 06:00:00,,High,8.81,Email
3710,2024-05-17 06:30:00,231.0,Low,6.55,Email
3711,2024-05-17 07:00:00,201.0,Low,11.27,Email
3712,2024-05-17 07:30:00,236.0,High,31.66,Chat
3713,2024-05-17 08:00:00,236.0,High,12.26,Email
3714,2024-05-17 08:30:00,232.0,Low,5.13,Email
3715,2024-05-17 09:00:00,250.0,High,28.87,Chat
3716,2024-05-17 09:30:00,206.0,High,20.6,Chat
3717,2024-05-17 10:00:00,224.0,High,13.02,Email
3718,2024-05-17 10:30:00,259.0,Low,16.77,Chat
3719,2024-05-17 11:00:00,215.0,Medium,8.54,Chat
3720,2024-05-17 11:30:00,257.0,High,12.27,Phone
3721,2024-05-17 12:00:00,200.0,High,3.35,Chat
3722,2024-05-17 12:30:00,202.0,Medium,22.8,Chat
3723,2024-05-17 13:00:00,212.0,High,13.03,Unknown
3724,2024-05-17 13:30:00,256.0,High,6.04,Email
3725,2024-05-17 14:00:00,238.0,High,25.7,Chat
3726,2024-05-17 14:30:00,231.0,Medium,24.08,Phone
3727,2024-05-17 15:00:00,207.0,High,22.67,Phone
3728,2024-05-17 15:30:00,207.0,Low,11.65,Email
3729,2024-05-17 16:00:00,251.0,Low,16.19,Email
3730,2024-05-17 16:30:00,249.0,Low,4.37,Email
3731,2024-05-17 17:00:00,203.0,Low,7.04,Unknown
3732,2024-05-17 17:30:00,225.0,Medium,4.48,Email
3733,2024-05-17 18:00:00,232.0,High,17.53,Email
3734,2024-05-17 18:30:00,242.0,Low,7.04,Phone
3735,2024-05-17 19:00:00,200.0,Medium,11.88,Email
3736,2024-05-17 19:30:00,249.0,Low,8.1,Email
3737,2024-05-17 20:00:00,231.0,High,12.02,Phone
3738,2024-05-17 20:30:00,232.0,High,6.28,Chat
3739,2024-05-17 21:00:00,221.0,High,6.05,Email
3740,2024-05-17 21:30:00,202.0,Medium,4.01,Chat
3741,2024-05-17 22:00:00,255.0,High,10.87,Phone
3742,2024-05-17 22:30:00,249.0,High,14.87,Email
3743,2024-05-17 23:00:00,249.0,High,2.71,Email
3744,2024-05-17 23:30:00,241.0,Medium,20.03,Email
3745,2024-05-18 00:00:00,229.0,Medium,26.59,Email
3746,2024-05-18 00:30:00,254.0,High,5.25,Chat
3747,2024-05-18 01:00:00,206.0,High,8.14,Email
3748,2024-05-18 01:30:00,216.0,High,4.46,Email
3749,2024-05-18 02:00:00,226.0,Low,21.27,Chat
3750,2024-05-18 02:30:00,247.0,High,31.35,Phone
3751,2024-05-18 03:00:00,220.0,Low,12.18,Email
3752,2024-05-18 03:30:00,252.0,High,1.31,Unknown
3753,2024-05-18 04:00:00,218.0,High,25.76,Chat
3754,2024-05-18 04:30:00,,Low,1.81,Email
3755,2024-05-18 05:00:00,219.0,High,13.74,Email
3756,2024-05-18 05:30:00,224.0,Medium,12.6,Chat
3757,2024-05-18 06:00:00,248.0,High,8.91,Email
3758,2024-05-18 06:30:00,220.0,Low,7.62,Email
3759,2024-05-18 07:00:00,229.0,High,5.15,Unknown
3760,2024-05-18 07:30:00,200.0,High,7.1,Phone
3761,2024-05-18 08:00:00,233.0,High,19.09,Chat
3762,2024-05-18 08:30:00,,Low,13.49,Phone
3763,2024-05-18 09:00:00,229.0,Medium,7.52,Email
3764,2024-05-18 09:30:00,219.0,High,4.76,Email
3765,2024-05-18 10:00:00,222.0,Low,4.27,Email
3766,2024-05-18 10:30:00,206.0,Low,6.96,Chat
3767,2024-05-18 11:00:00,227.0,High,15.69,Email
3768,2024-05-18 11:30:00,245.0,High,14.43,Email
3769,2024-05-18 12:00:00,236.0,Low,11.81,Unknown
3770,2024-05-18 12:30:00,225.0,Low,7.02,Email
3771,2024-05-18 13:00:00,,Medium,6.11,Unknown
3772,2024-05-18 13:30:00,234.0,High,9.22,Chat
3773,2024-05-18 14:00:00,236.0,Medium,15.54,Chat
3774,2024-05-18 14:30:00,,High,2.73,Email
3775,2024-05-18 15:00:00,241.0,High,3.63,Chat
3776,2024-05-18 15:30:00,221.0,Medium,10.9,Email
3777,2024-05-18 16:00:00,211.0,High,3.02,Chat
3778,2024-05-18 16:30:00,245.0,High,18.48,Unknown
3779,2024-05-18 17:00:00,234.0,High,19.98,Email
3780,2024-05-18 17:30:00,228.0,Medium,7.03,Email
3781,2024-05-18 18:00:00,242.0,Low,15.43,Unknown
3782,2024-05-18 18:30:00,235.0,Medium,3.96,Chat
3783,2024-05-18 19:00:00,245.0,Low,3.38,Chat
3784,2024-05-18 19:30:00,225.0,Medium,10.79,Phone
3785,2024-05-18 20:00:00,259.0,High,25.47,Chat
3786,2024-05-18 20:30:00,233.0,Low,19.41,Chat
3787,2024-05-18 21:00:00,,Low,50.54,Email
3788,2024-05-18 21:30:00,253.0,High,47.73,Phone
3789,2024-05-18 22:00:00,259.0,Low,13.58,Email
3790,2024-05-18 22:30:00,216.0,Low,11.56,Chat
3791,2024-05-18 23:00:00,213.0,High,4.15,Email
3792,2024-05-18 23:30:00,231.0,Low,11.11,Email
3793,2024-05-19 00:00:00,204.0,High,8.4,Chat
3794,2024-05-19 00:30:00,241.0,Low,14.43,Phone
3795,2024-05-19 01:00:00,240.0,Low,3.01,Unknown
3796,2024-05-19 01:30:00,205.0,High,7.86,Chat
3797,2024-05-19 02:00:00,216.0,High,1.77,Chat
3798,2024-05-19 02:30:00,257.0,High,20.06,Chat
3799,2024-05-19 03:00:00,,High,1.51,Email
3800,2024-05-19 03:30:00,229.0,Medium,34.59,Phone
3801,2024-05-19 04:00:00,240.0,High,21.88,Chat
3802,2024-05-19 04:30:00,214.0,High,6.91,Email
3803,2024-05-19 05:00:00,220.0,Low,11.91,Chat
3804,2024-05-19 05:30:00,245.0,High,34.49,Email
3805,2024-05-19 06:00:00,225.0,High,0.95,Email
3806,2024-05-19 06:30:00,248.0,High,14.19,Chat
3807,2024-05-19 07:00:00,203.0,High,27.58,Phone
3808,2024-05-19 07:30:00,237.0,High,15.56,Phone
3809,2024-05-19 08:00:00,220.0,High,13.11,Phone
3810,2024-05-19 08:30:00,254.0,Medium,8.81,Unknown
3811,2024-05-19 09:00:00,226.0,Low,4.97,Email
3812,2024-05-19 09:30:00,205.0,High,8.72,Chat
3813,2024-05-19 10:00:00,250.0,High,9.77,Chat
3814,2024-05-19 10:30:00,231.0,High,14.64,Phone
3815,2024-05-19 11:00:00,203.0,High,13.29,Chat
3816,2024-05-19 11:30:00,,High,16.92,Email
3817,2024-05-19 12:00:00,235.0,High,9.85,Email
3818,2024-05-19 12:30:00,255.0,Medium,11.08,Email
3819,2024-05-19 13:00:00,242.0,High,10.71,Email
3820,2024-05-19 13:30:00,238.0,High,6.62,Email
3821,2024-05-19 14:00:00,213.0,High,6.48,Chat
3822,2024-05-19 14:30:00,236.0,Low,2.64,Email
3823,2024-05-19 15:00:00,210.0,Medium,3.36,Email
3824,2024-05-19 15:30:00,223.0,Low,2.78,Phone
3825,2024-05-19 16:00:00,225.0,Medium,11.46,Email
3826,2024-05-19 16:30:00,234.0,High,1.75,Email
3827,2024-05-19 17:00:00,212.0,High,10.88,Chat
3828,2024-05-19 17:30:00,233.0,High,2.51,Chat
3829,2024-05-19 18:00:00,219.0,Low,4.18,Chat
3830,2024-05-19 18:30:00,254.0,Low,9.55,Email
3831,2024-05-19 19:00:00,259.0,High,9.07,Phone
3832,2024-05-19 19:30:00,249.0,Low,15.37,Chat
3833,2024-05-19 20:00:00,214.0,High,11.79,Phone
3834,2024-05-19 20:30:00,244.0,Low,5.93,Chat
3835,2024-05-19 21:00:00,258.0,High,8.13,Phone
3836,2024-05-19 21:30:00,255.0,High,15.8,Email
3837,2024-05-19 22:00:00,252.0,Medium,9.79,Email
3838,2024-05-19 22:30:00,203.0,Low,18.45,Unknown
3839,2024-05-19 23:00:00,209.0,High,4.79,Email
3840,2024-05-19 23:30:00,246.0,High,4.99,Phone
3841,2024-05-20 00:00:00,218.0,High,2.98,Chat
3842,2024-05-20 00:30:00,227.0,High,17.86,Chat
3843,2024-05-20 01:00:00,228.0,High,26.08,Email
3844,2024-05-20 01:30:00,245.0,Low,6.6,Email
3845,2024-05-20 02:00:00,244.0,Medium,5.85,Unknown
3846,2024-05-20 02:30:00,217.0,High,3.3,Chat
3847,2024-05-20 03:00:00,247.0,Low,19.75,Email
3848,2024-05-20 03:30:00,228.0,Medium,7.62,Phone
3849,2024-05-20 04:00:00,235.0,High,11.42,Email
3850,2024-05-20 04:30:00,249.0,High,10.32,Chat
3851,2024-05-20 05:00:00,217.0,High,2.23,Phone
3852,2024-05-20 05:30:00,202.0,Medium,1.49,Chat
3853,2024-05-20 06:00:00,239.0,Medium,24.78,Email
3854,2024-05-20 06:30:00,217.0,Medium,20.96,Phone
3855,2024-05-20 07:00:00,215.0,High,18.85,Phone
3856,2024-05-20 07:30:00,229.0,Medium,8.29,Chat
3857,2024-05-20 08:00:00,252.0,High,4.79,Phone
3858,2024-05-20 08:30:00,251.0,Low,9.71,Chat
3859,2024-05-20 09:00:00,243.0,High,4.26,Email
3860,2024-05-20 09:30:00,216.0,Medium,12.05,Email
3861,2024-05-20 10:00:00,256.0,High,8.46,Phone
3862,2024-05-20 10:30:00,249.0,Medium,6.76,Phone
3863,2024-05-20 11:00:00,202.0,High,11.84,Email
3864,2024-05-20 11:30:00,214.0,Medium,7.81,Phone
3865,2024-05-20 12:00:00,207.0,Medium,4.05,Phone
3866,2024-05-20 12:30:00,218.0,Low,4.82,Email
3867,2024-05-20 13:00:00,240.0,High,8.92,Phone
3868,2024-05-20 13:30:00,233.0,Medium,7.49,Chat
3869,2024-05-20 14:00:00,208.0,Low,16.24,Email
3870,2024-05-20 14:30:00,239.0,High,11.27,Chat
3871,2024-05-20 15:00:00,235.0,High,12.17,Email
3872,2024-05-20 15:30:00,252.0,High,2.84,Chat
3873,2024-05-20 16:00:00,218.0,High,8.02,Unknown
3874,2024-05-20 16:30:00,252.0,Low,2.76,Email
3875,2024-05-20 17:00:00,239.0,Low,6.01,Chat
3876,2024-05-20 17:30:00,215.0,High,13.94,Chat
3877,2024-05-20 18:00:00,219.0,High,5.64,Email
3878,2024-05-20 18:30:00,244.0,High,7.01,Chat
3879,2024-05-20 19:00:00,241.0,High,11.03,Email
3880,2024-05-20 19:30:00,238.0,Low,6.81,Phone
3881,2024-05-20 20:00:00,224.0,High,19.94,Phone
3882,2024-05-20 20:30:00,223.0,Low,6.25,Chat
3883,2024-05-20 21:00:00,233.0,High,8.0,Email
3884,2024-05-20 21:30:00,246.0,High,23.03,Email
3885,2024-05-20 22:00:00,215.0,Low,10.8,Email
3886,2024-05-20 22:30:00,253.0,Low,8.51,Chat
3887,2024-05-20 23:00:00,211.0,High,30.35,Chat
3888,2024-05-20 23:30:00,228.0,Low,11.82,Email
3889,2024-05-21 00:00:00,218.0,High,23.07,Phone
3890,2024-05-21 00:30:00,254.0,High,14.85,Chat
3891,2024-05-21 01:00:00,210.0,High,15.44,Unknown
3892,2024-05-21 01:30:00,207.0,High,23.93,Chat
3893,2024-05-21 02:00:00,241.0,Medium,14.14,Chat
3894,2024-05-21 02:30:00,209.0,High,7.36,Phone
3895,2024-05-21 03:00:00,259.0,Medium,9.06,Chat
3896,2024-05-21 03:30:00,245.0,High,9.69,Phone
3897,2024-05-21 04:00:00,252.0,High,21.88,Chat
3898,2024-05-21 04:30:00,218.0,Medium,19.2,Email
3899,2024-05-21 05:00:00,244.0,Low,11.88,Phone
3900,2024-05-21 05:30:00,235.0,Medium,10.35,Phone
3901,2024-05-21 06:00:00,225.0,High,11.76,Email
3902,2024-05-21 06:30:00,229.0,Low,20.89,Email
3903,2024-05-21 07:00:00,201.0,High,31.54,Chat
3904,2024-05-21 07:30:00,208.0,High,12.38,Email
3905,2024-05-21 08:00:00,207.0,High,4.45,Chat
3906,2024-05-21 08:30:00,245.0,High,3.27,Email
3907,2024-05-21 09:00:00,216.0,Low,4.33,Chat
3908,2024-05-21 09:30:00,244.0,Low,31.84,Chat
3909,2024-05-21 10:00:00,242.0,Medium,3.25,Phone
3910,2024-05-21 10:30:00,208.0,Medium,7.25,Phone
3911,2024-05-21 11:00:00,219.0,Low,10.85,Email
3912,2024-05-21 11:30:00,215.0,Medium,4.98,Chat
3913,2024-05-21 12:00:00,206.0,High,11.01,Unknown
3914,2024-05-21 12:30:00,248.0,Low,14.04,Email
3915,2024-05-21 13:00:00,222.0,High,12.59,Chat
3916,2024-05-21 13:30:00,254.0,High,20.32,Email
3917,2024-05-21 14:00:00,250.0,High,32.61,Email
3918,2024-05-21 14:30:00,252.0,High,1.35,Chat
3919,2024-05-21 15:00:00,244.0,High,33.68,Email
3920,2024-05-21 15:30:00,230.0,Medium,20.24,Chat
3921,2024-05-21 16:00:00,225.0,High,5.67,Email
3922,2024-05-21 16:30:00,222.0,High,22.42,Email
3923,2024-05-21 17:00:00,237.0,High,12.87,Chat
3924,2024-05-21 17:30:00,226.0,High,4.3,Email
3925,2024-05-21 18:00:00,251.0,High,7.05,Email
3926,2024-05-21 18:30:00,210.0,Medium,2.93,Phone
3927,2024-05-21 19:00:00,221.0,Low,16.9,Chat
3928,2024-05-21 19:30:00,229.0,High,8.35,Chat
3929,2024-05-21 20:00:00,216.0,Low,24.74,Email
3930,2024-05-21 20:30:00,213.0,High,8.57,Unknown
3931,2024-05-21 21:00:00,233.0,High,8.09,Chat
3932,2024-05-21 21:30:00,209.0,High,4.23,Email
3933,2024-05-21 22:00:00,,Medium,30.6,Chat
3934,2024-05-21 22:30:00,222.0,Low,8.11,Chat
3935,2024-05-21 23:00:00,245.0,High,23.46,Chat
3936,2024-05-21 23:30:00,203.0,Medium,25.3,Chat
3937,2024-05-22 00:00:00,247.0,High,13.6,Email
3938,2024-05-22 00:30:00,228.0,Low,11.33,Phone
3939,2024-05-22 01:00:00,251.0,Medium,7.81,Email
3940,2024-05-22 01:30:00,241.0,High,10.34,Email
3941,2024-05-22 02:00:00,248.0,High,15.06,Chat
3942,2024-05-22 02:30:00,239.0,High,17.66,Phone
3943,2024-05-22 03:00:00,206.0,Low,23.58,Phone
3944,2024-05-22 03:30:00,258.0,Low,18.38,Email
3945,2024-05-22 04:00:00,223.0,Medium,10.83,Phone
3946,2024-05-22 04:30:00,253.0,High,4.84,Email
3947,2024-05-22 05:00:00,230.0,High,5.56,Email
3948,2024-05-22 05:30:00,238.0,Low,8.29,Chat
3949,2024-05-22 06:00:00,210.0,High,16.97,Chat
3950,2024-05-22 06:30:00,253.0,High,20.0,Chat
3951,2024-05-22 07:00:00,247.0,Medium,6.18,Phone
3952,2024-05-22 07:30:00,226.0,High,7.37,Chat
3953,2024-05-22 08:00:00,225.0,High,1.41,Chat
3954,2024-05-22 08:30:00,247.0,High,1.36,Chat
3955,2024-05-22 09:00:00,209.0,High,14.77,Email
3956,2024-05-22 09:30:00,217.0,High,46.48,Phone
3957,2024-05-22 10:00:00,208.0,High,5.01,Email
3958,2024-05-22 10:30:00,231.0,Low,4.84,Chat
3959,2024-05-22 11:00:00,222.0,Medium,3.92,Email
3960,2024-05-22 11:30:00,258.0,Medium,10.18,Phone
3961,2024-05-22 12:00:00,253.0,High,2.12,Chat
3962,2024-05-22 12:30:00,235.0,High,39.29,Phone
3963,2024-05-22 13:00:00,245.0,Low,8.84,Email
3964,2024-05-22 13:30:00,230.0,High,22.45,Chat
3965,2024-05-22 14:00:00,225.0,Low,4.09,Phone
3966,2024-05-22 14:30:00,247.0,Medium,9.64,Phone
3967,2024-05-22 15:00:00,221.0,High,21.03,Email
3968,2024-05-22 15:30:00,218.0,Low,0.78,Email
3969,2024-05-22 16:00:00,208.0,Low,3.01,Chat
3970,2024-05-22 16:30:00,249.0,Medium,13.36,Unknown
3971,2024-05-22 17:00:00,247.0,Low,34.25,Chat
3972,2024-05-22 17:30:00,201.0,Low,10.81,Phone
3973,2024-05-22 18:00:00,250.0,Medium,4.4,Chat
3974,2024-05-22 18:30:00,214.0,Low,10.09,Unknown
3975,2024-05-22 19:00:00,253.0,Medium,1.85,Chat
3976,2024-05-22 19:30:00,210.0,Medium,18.14,Email
3977,2024-05-22 20:00:00,209.0,Medium,11.21,Email
3978,2024-05-22 20:30:00,215.0,Low,10.48,Phone
3979,2024-05-22 21:00:00,256.0,High,4.81,Email
3980,2024-05-22 21:30:00,,High,18.27,Chat
3981,2024-05-22 22:00:00,239.0,High,1.09,Chat
3982,2024-05-22 22:30:00,201.0,High,16.26,Phone
3983,2024-05-22 23:00:00,237.0,High,5.38,Chat
3984,2024-05-22 23:30:00,217.0,High,2.65,Email
3985,2024-05-23 00:00:00,243.0,Low,5.21,Phone
3986,2024-05-23 00:30:00,234.0,Low,14.04,Chat
3987,2024-05-23 01:00:00,252.0,High,21.43,Unknown
3988,2024-05-23 01:30:00,242.0,High,45.09,Phone
3989,2024-05-23 02:00:00,218.0,High,15.1,Chat
3990,2024-05-23 02:30:00,246.0,High,9.79,Chat
3991,2024-05-23 03:00:00,214.0,High,9.01,Email
3992,2024-05-23 03:30:00,222.0,Low,12.76,Phone
3993,2024-05-23 04:00:00,214.0,Low,6.13,Chat
3994,2024-05-23 04:30:00,213.0,High,5.84,Email
3995,2024-05-23 05:00:00,224.0,High,12.37,Phone
3996,2024-05-23 05:30:00,251.0,Low,14.84,Unknown
3997,2024-05-23 06:00:00,226.0,High,1.02,Phone
3998,2024-05-23 06:30:00,207.0,Medium,10.21,Email
3999,2024-05-23 07:00:00,245.0,Medium,7.37,Email
4000,2024-05-23 07:30:00,203.0,Medium,10.3,Email
